transaction_id,merchant_id,customer_id,device_id,amount,currency,payment_method,timestamp,merchant_category,customer_account_age_days,device_age_days,new_device,transaction_count_1h,transaction_count_24h,amount_sum_24h,customer_avg_amount,amount_deviation,failed_attempts_24h,customer_transaction_count,previous_chargebacks,location_distance_from_previous,ip_risk_score,country_risk_score,transaction_hour,is_weekend,account_velocity,customer_history_score,fraud_label,dataset_version,scenario
txn_0000000,mch_0017,cust_00023,dev_cust_00023_0,2156.64,INR,upi,2025-11-02T03:53:51.536639+00:00,travel,180,0.0,1,0,0,0.0,2156.64,0.0,0,0,0,0.0,0.4,0.4,3,1,0.0,0.65,0,synthetic-v1,organic
txn_0000001,mch_0011,cust_00061,dev_cust_00061_1,962.6,INR,card,2025-11-02T04:50:19.154345+00:00,utilities,580,0.0,1,0,0,0.0,962.6,0.0,7,0,0,0.0,0.1286,0.0282,4,1,0.0,0.65,1,synthetic-v1,failed_attempts_burst
txn_0000002,mch_0015,cust_00007,dev_cust_00007_2,3560.56,INR,card,2025-11-02T08:17:54.600474+00:00,education,1079,0.0,1,0,0,0.0,3560.56,0.0,0,0,3,0.0,0.1002,0.17,8,1,0.0,0.2,1,synthetic-v1,organic
txn_0000003,mch_0015,cust_00112,dev_cust_00112_3,2418.87,INR,wallet,2025-11-02T23:15:16.164136+00:00,education,1229,0.0,1,0,0,0.0,2418.87,0.0,0,0,0,0.0,0.0657,0.1437,23,1,0.0,0.65,0,synthetic-v1,organic
txn_0000004,mch_0000,cust_00010,dev_cust_00010_4,1332.39,INR,card,2025-11-03T01:31:38.887741+00:00,ecommerce,895,0.0,1,0,0,0.0,1332.39,0.0,0,0,0,55.3,0.1766,0.0319,1,0,0.0,0.65,0,synthetic-v1,organic
txn_0000005,mch_0006,cust_00061,dev_cust_00061_1,1634.43,INR,wallet,2025-11-03T05:19:21.625723+00:00,fashion,581,1.02,0,0,0,0.0,962.6,0.6972,0,1,0,56.2,0.1286,0.0282,5,0,0.0,0.3,0,synthetic-v1,organic
txn_0000006,mch_0005,cust_00024,dev_cust_00024_6,4356.5,INR,card,2025-11-04T07:36:27.030255+00:00,electronics,296,0.0,1,0,0,0.0,4356.5,0.0,0,0,0,0.0,0.0245,0.2065,7,0,0.0,0.65,0,synthetic-v1,organic
txn_0000007,mch_0013,cust_00007,dev_cust_00007_2,4433.54,INR,card,2025-11-05T03:34:15.812335+00:00,electronics,1082,2.8,0,0,0,0.0,3560.56,0.2451,0,1,3,0.0,0.1002,0.17,3,0,0.0,0.05,0,synthetic-v1,organic
txn_0000008,mch_0006,cust_00003,dev_cust_00003_8,1001.24,INR,upi,2025-11-05T05:39:06.693164+00:00,fashion,519,0.0,1,0,0,0.0,1001.24,0.0,1,0,0,0.0,0.0382,0.1743,5,0,0.0,0.65,0,synthetic-v1,organic
txn_0000009,mch_0001,cust_00034,dev_cust_00034_9,2342.77,INR,upi,2025-11-05T08:44:02.639902+00:00,travel,1128,0.0,1,0,0,0.0,2342.77,0.0,0,0,0,0.0,0.0714,0.1661,8,0,0.0,0.65,0,synthetic-v1,organic
txn_0000010,mch_0010,cust_00115,dev_cust_00115_10,790.89,INR,upi,2025-11-05T09:12:13.335258+00:00,food,70,0.0,1,0,0,0.0,790.89,0.0,0,0,0,0.0,0.0747,0.0712,9,0,0.0,0.65,1,synthetic-v1,organic
txn_0000011,mch_0005,cust_00072,dev_cust_00072_11,3251.37,INR,upi,2025-11-05T21:34:51.157741+00:00,electronics,813,0.0,1,0,0,0.0,3251.37,0.0,0,0,0,0.0,0.1244,0.3808,21,0,0.0,0.65,0,synthetic-v1,organic
txn_0000012,mch_0013,cust_00072,dev_cust_00072_12,6576.57,INR,card,2025-11-06T07:42:13.903871+00:00,electronics,814,0.0,1,0,1,3251.37,3251.37,1.0224,1,1,0,0.0,0.1244,0.3808,7,0,0.0417,0.8,0,synthetic-v1,organic
txn_0000013,mch_0005,cust_00119,dev_cust_00119_13,7148.49,INR,upi,2025-11-06T12:00:17.168739+00:00,electronics,332,0.0,1,0,0,0.0,7148.49,0.0,0,0,0,0.0,0.1969,0.0453,12,0,0.0,0.65,0,synthetic-v1,organic
txn_0000014,mch_0022,cust_00004,dev_cust_00004_14,1736.2,INR,upi,2025-11-06T12:00:50.448921+00:00,fashion,897,0.0,1,0,0,0.0,1736.2,0.0,0,0,0,0.0,0.1261,0.1217,12,0,0.0,0.65,0,synthetic-v1,organic
txn_0000015,mch_0012,cust_00074,dev_cust_00074_15,2377.11,INR,card,2025-11-06T23:13:13.400381+00:00,digital_goods,470,0.0,1,0,0,0.0,2377.11,0.0,0,0,0,0.0,0.0258,0.1133,23,0,0.0,0.65,0,synthetic-v1,organic
txn_0000016,mch_0004,cust_00080,dev_cust_00080_16,843.55,INR,upi,2025-11-07T03:38:35.065073+00:00,digital_goods,679,0.0,1,0,0,0.0,843.55,0.0,0,0,0,0.0,0.2237,0.0487,3,0,0.0,0.65,0,synthetic-v1,organic
txn_0000017,mch_0007,cust_00061,dev_cust_00061_1,2496.21,INR,card,2025-11-07T10:46:45.639911+00:00,education,585,5.25,0,0,0,0.0,1298.51,0.9216,0,2,0,0.0,0.1286,0.0282,10,0,0.0,0.55,1,synthetic-v1,organic
txn_0000018,mch_0010,cust_00115,dev_cust_00115_10,730.33,INR,upi,2025-11-07T21:56:36.847068+00:00,food,72,2.53,0,0,0,0.0,790.89,-0.0765,1,1,0,0.0,0.0747,0.0712,21,0,0.0,0.3,0,synthetic-v1,organic
txn_0000019,mch_0017,cust_00024,dev_cust_00024_6,7851.11,INR,card,2025-11-08T03:22:58.754034+00:00,travel,300,3.82,0,0,0,0.0,4356.5,0.802,0,1,0,0.0,0.0245,0.2065,3,1,0.0,0.8,0,synthetic-v1,organic
txn_0000020,mch_0016,cust_00010,dev_cust_00010_4,1119.55,INR,upi,2025-11-08T10:31:07.829788+00:00,ecommerce,900,5.37,0,0,0,0.0,1332.39,-0.1596,0,1,0,0.0,0.1766,0.0319,10,1,0.0,0.8,0,synthetic-v1,organic
txn_0000021,mch_0001,cust_00012,dev_cust_00012_21,13604.8,INR,upi,2025-11-08T12:20:55.141578+00:00,travel,1076,0.0,1,0,0,0.0,13604.8,0.0,0,0,0,0.0,0.0241,0.0402,12,1,0.0,0.65,1,synthetic-v1,organic
txn_0000022,mch_0023,cust_00017,dev_cust_00017_22,1438.64,INR,upi,2025-11-08T18:47:29.062031+00:00,education,195,0.0,1,0,0,0.0,1438.64,0.0,0,0,2,0.0,0.1864,0.0656,18,1,0.0,0.35,1,synthetic-v1,prior_chargebacks
txn_0000023,mch_0011,cust_00044,dev_cust_00044_23,1565.22,INR,upi,2025-11-08T23:34:10.606965+00:00,utilities,1335,0.0,1,0,0,0.0,1565.22,0.0,0,0,0,0.0,0.0229,0.1278,23,1,0.0,0.65,0,synthetic-v1,organic
txn_0000024,mch_0003,cust_00119,dev_cust_00119_13,1867.57,INR,upi,2025-11-09T02:04:11.482316+00:00,utilities,335,2.59,0,0,0,0.0,7148.49,-0.7386,0,1,0,0.0,0.1969,0.0453,2,1,0.0,0.8,0,synthetic-v1,organic
txn_0000025,mch_0006,cust_00021,dev_cust_00021_25,749.01,INR,card,2025-11-09T04:31:35.465703+00:00,fashion,855,0.0,1,0,0,0.0,749.01,0.0,1,0,0,0.0,0.0745,0.0602,4,1,0.0,0.65,0,synthetic-v1,organic
txn_0000026,mch_0021,cust_00031,dev_cust_00031_26,8160.53,INR,wallet,2025-11-09T07:47:39.501140+00:00,electronics,909,0.0,1,0,0,0.0,8160.53,0.0,0,0,0,0.0,0.3246,0.024,7,1,0.0,0.65,0,synthetic-v1,organic
txn_0000027,mch_0009,cust_00026,dev_cust_00026_27,3823.58,INR,upi,2025-11-09T20:59:43.326196+00:00,travel,847,0.0,1,0,0,0.0,3823.58,0.0,0,0,0,0.0,0.2098,0.0473,20,1,0.0,0.65,0,synthetic-v1,organic
txn_0000028,mch_0012,cust_00061,dev_cust_00061_1,813.21,INR,upi,2025-11-10T04:41:53.709465+00:00,digital_goods,588,7.99,0,0,0,0.0,1697.75,-0.5207,0,3,0,0.0,0.1286,0.0282,4,0,0.0,0.4667,0,synthetic-v1,organic
txn_0000029,mch_0004,cust_00090,dev_cust_00090_29,1544.21,INR,wallet,2025-11-10T08:46:53.630558+00:00,digital_goods,634,0.0,1,0,0,0.0,1544.21,0.0,0,0,0,0.0,0.2088,0.1478,8,0,0.0,0.65,0,synthetic-v1,organic
txn_0000030,mch_0018,cust_00065,dev_cust_00065_30,1019.95,INR,card,2025-11-10T10:00:15.072637+00:00,food,484,0.0,1,0,0,0.0,1019.95,0.0,0,0,0,0.0,0.0578,0.1397,10,0,0.0,0.65,0,synthetic-v1,organic
txn_0000031,mch_0014,cust_00019,dev_cust_00019_31,872.32,INR,upi,2025-11-10T10:47:18.059677+00:00,fashion,1319,0.0,1,0,0,0.0,872.32,0.0,0,0,0,113.5,0.0317,0.1744,10,0,0.0,0.65,0,synthetic-v1,organic
txn_0000032,mch_0002,cust_00050,dev_cust_00050_32,1395.82,INR,upi,2025-11-10T14:51:45.333140+00:00,food,1351,0.0,1,0,0,0.0,1395.82,0.0,0,0,0,0.0,0.0787,0.1042,14,0,0.0,0.65,0,synthetic-v1,organic
txn_0000033,mch_0010,cust_00037,dev_cust_00037_33,3922.82,INR,card,2025-11-10T19:35:33.931201+00:00,food,471,0.0,1,0,0,0.0,3922.82,0.0,0,0,0,0.0,0.0571,0.2659,19,0,0.0,0.65,0,synthetic-v1,organic
txn_0000034,mch_0011,cust_00022,dev_cust_00022_34,2742.56,INR,wallet,2025-11-10T19:55:55.959946+00:00,utilities,799,0.0,1,0,0,0.0,2742.56,0.0,0,0,2,0.0,0.0478,0.0608,19,0,0.0,0.35,0,synthetic-v1,organic
txn_0000035,mch_0014,cust_00036,dev_cust_00036_35,735.54,INR,upi,2025-11-11T04:07:52.089768+00:00,fashion,565,0.0,1,0,0,0.0,735.54,0.0,0,0,0,0.0,0.3398,0.01,4,0,0.0,0.65,0,synthetic-v1,organic
txn_0000036,mch_0009,cust_00060,dev_cust_00060_36,7308.27,INR,netbanking,2025-11-11T07:50:25.793537+00:00,travel,1099,0.0,1,0,0,0.0,7308.27,0.0,0,0,3,0.0,0.4,0.4,7,0,0.0,0.2,0,synthetic-v1,organic
txn_0000037,mch_0003,cust_00046,dev_cust_00046_37,894.03,INR,netbanking,2025-11-11T11:46:02.039889+00:00,utilities,509,0.0,1,0,0,0.0,894.03,0.0,0,0,0,135.7,0.173,0.3149,11,0,0.0,0.65,0,synthetic-v1,organic
txn_0000038,mch_0012,cust_00061,dev_cust_00061_1,1203.18,INR,upi,2025-11-12T02:47:27.044243+00:00,digital_goods,590,9.91,0,0,0,0.0,1476.61,-0.1851,0,4,0,0.0,0.1286,0.0282,2,0,0.0,0.55,0,synthetic-v1,organic
txn_0000039,mch_0001,cust_00056,dev_cust_00056_39,5451.42,INR,card,2025-11-12T11:43:39.821868+00:00,travel,421,0.0,1,0,0,0.0,5451.42,0.0,0,0,0,0.0,0.0168,0.0281,11,0,0.0,0.65,0,synthetic-v1,organic
txn_0000040,mch_0000,cust_00000,dev_cust_00000_40,39289.29,INR,card,2025-11-13T00:16:57.608726+00:00,ecommerce,164,0.0,1,0,0,0.0,39289.29,0.0,0,0,0,0.0,0.1058,0.2893,0,0,0.0,0.65,0,synthetic-v1,new_device_amount
txn_0000041,mch_0013,cust_00015,dev_cust_00015_41,5147.63,INR,card,2025-11-13T06:38:30.945563+00:00,electronics,1328,0.0,1,0,0,0.0,5147.63,0.0,0,0,0,0.0,0.0638,0.0378,6,0,0.0,0.65,0,synthetic-v1,organic
txn_0000042,mch_0019,cust_00116,dev_cust_00116_42,15965.42,INR,card,2025-11-13T12:54:27.188257+00:00,utilities,335,0.0,1,0,0,0.0,15965.42,0.0,0,0,0,0.0,0.0498,0.0858,12,0,0.0,0.65,0,synthetic-v1,legit_high_value
txn_0000043,mch_0022,cust_00016,dev_cust_00016_43,1351.71,INR,netbanking,2025-11-14T01:39:10.262816+00:00,fashion,1096,0.0,1,0,0,0.0,1351.71,0.0,0,0,0,0.0,0.1182,0.0917,1,0,0.0,0.65,0,synthetic-v1,organic
txn_0000044,mch_0005,cust_00014,dev_cust_00014_44,4230.57,INR,upi,2025-11-14T03:34:53.257477+00:00,electronics,703,0.0,1,5,5,10576.42,4230.57,0.0,0,0,0,0.0,0.0137,0.2297,3,0,2.7083,0.65,1,synthetic-v1,high_velocity
txn_0000045,mch_0001,cust_00080,dev_cust_00080_16,5042.45,INR,upi,2025-11-14T13:49:33.470170+00:00,travel,686,7.42,0,0,0,0.0,843.55,4.9718,0,1,4,0.0,0.2237,0.0487,13,0,0.0,0.4,1,synthetic-v1,prior_chargebacks
txn_0000046,mch_0021,cust_00040,dev_cust_00040_46,5444.27,INR,card,2025-11-14T17:37:24.509768+00:00,electronics,207,0.0,1,0,0,0.0,5444.27,0.0,0,0,0,0.0,0.1379,0.1046,17,0,0.0,0.65,1,synthetic-v1,organic
txn_0000047,mch_0019,cust_00021,dev_cust_00021_25,421.93,INR,card,2025-11-15T02:30:27.631567+00:00,utilities,861,5.92,0,0,0,0.0,749.01,-0.4361,0,1,0,0.0,0.0745,0.0602,2,1,0.0,0.8,0,synthetic-v1,organic
txn_0000048,mch_0023,cust_00015,dev_cust_00015_41,3109.38,INR,netbanking,2025-11-15T03:27:30.618351+00:00,education,1330,1.87,0,0,0,0.0,5147.63,-0.3959,0,1,0,0.0,0.0638,0.0378,3,1,0.0,0.8,1,synthetic-v1,organic
txn_0000049,mch_0022,cust_00023,dev_cust_00023_0,727.01,INR,card,2025-11-15T03:44:35.830595+00:00,fashion,193,12.99,0,0,0,0.0,2156.64,-0.6626,0,1,0,0.0,0.4,0.4,3,1,0.0,0.8,0,synthetic-v1,organic
txn_0000050,mch_0012,cust_00033,dev_cust_00033_50,397.39,INR,upi,2025-11-15T19:39:38.774252+00:00,digital_goods,1304,0.0,1,0,0,0.0,397.39,0.0,0,0,0,0.0,0.1677,0.1033,19,1,0.0,0.65,0,synthetic-v1,organic
txn_0000051,mch_0023,cust_00119,dev_cust_00119_13,4553.66,INR,wallet,2025-11-15T20:31:45.475477+00:00,education,341,9.36,0,0,0,0.0,4508.03,0.0101,0,2,0,0.0,0.1969,0.0453,20,1,0.0,0.8,0,synthetic-v1,organic
txn_0000052,mch_0006,cust_00023,dev_cust_00023_0,4028.03,INR,card,2025-11-16T12:13:04.330400+00:00,fashion,194,14.35,0,0,0,0.0,1441.82,1.7925,0,2,0,0.0,0.4,0.4,12,1,0.0,0.8,0,synthetic-v1,large_amount
txn_0000053,mch_0023,cust_00022,dev_cust_00022_53,4414.48,INR,wallet,2025-11-16T17:18:10.534964+00:00,education,805,0.0,1,0,0,0.0,2742.56,0.6094,0,1,2,0.0,0.0478,0.0608,17,1,0.0,0.6,0,synthetic-v1,organic
txn_0000054,mch_0019,cust_00116,dev_cust_00116_42,1655.33,INR,netbanking,2025-11-17T16:30:23.363571+00:00,utilities,339,4.15,0,0,0,0.0,15965.42,-0.8963,0,1,0,2884.8,0.0498,0.0858,16,0,0.0,0.8,0,synthetic-v1,geo_jump
txn_0000055,mch_0019,cust_00022,dev_cust_00022_53,1822.0,INR,upi,2025-11-17T22:01:44.342773+00:00,utilities,806,1.2,0,0,0,0.0,3578.52,-0.4907,0,2,2,0.0,0.0478,0.0608,22,0,0.0,0.6,1,synthetic-v1,organic
txn_0000056,mch_0016,cust_00024,dev_cust_00024_56,6816.96,INR,card,2025-11-18T11:35:52.091836+00:00,ecommerce,310,0.0,1,0,0,0.0,6103.81,0.1168,0,2,0,0.0,0.0245,0.2065,11,0,0.0,0.8,0,synthetic-v1,large_amount
txn_0000057,mch_0018,cust_00119,dev_cust_00119_13,3972.79,INR,card,2025-11-18T15:00:32.413024+00:00,food,344,12.13,0,0,0,0.0,4523.24,-0.1217,0,3,0,0.0,0.1969,0.0453,15,0,0.0,0.8,0,synthetic-v1,organic
txn_0000058,mch_0007,cust_00061,dev_cust_00061_1,3143.93,INR,wallet,2025-11-18T19:47:31.433201+00:00,education,596,16.62,0,0,0,0.0,1421.92,1.2102,0,5,0,0.0,0.1286,0.0282,19,0,0.0,0.6,0,synthetic-v1,organic
txn_0000059,mch_0010,cust_00116,dev_cust_00116_42,900.97,INR,upi,2025-11-18T22:15:46.621229+00:00,food,340,5.39,0,0,0,0.0,8810.38,-0.8976,0,2,0,0.0,0.0498,0.0858,22,0,0.0,0.8,0,synthetic-v1,organic
txn_0000060,mch_0012,cust_00119,dev_cust_00119_13,2994.04,INR,upi,2025-11-19T11:59:34.459109+00:00,digital_goods,345,13.0,0,0,1,3972.79,4385.63,-0.3172,0,4,0,0.0,0.1969,0.0453,11,0,0.0417,0.8,0,synthetic-v1,organic
txn_0000061,mch_0018,cust_00007,dev_cust_00007_2,2002.8,INR,card,2025-11-19T18:29:51.448137+00:00,food,1096,17.42,0,0,0,0.0,3997.05,-0.4988,0,2,3,0.0,0.1002,0.17,18,0,0.0,0.25,0,synthetic-v1,organic
txn_0000062,mch_0000,cust_00061,dev_cust_00061_1,1444.49,INR,netbanking,2025-11-20T04:37:21.327534+00:00,ecommerce,598,17.99,0,0,0,0.0,1708.93,-0.1547,0,6,0,0.0,0.1286,0.0282,4,0,0.0,0.6333,0,synthetic-v1,organic
txn_0000063,mch_0003,cust_00027,dev_cust_00027_63,1190.54,INR,upi,2025-11-20T09:07:42.068822+00:00,utilities,1195,0.0,1,0,0,0.0,1190.54,0.0,0,0,0,0.0,0.0944,0.0689,9,0,0.0,0.65,0,synthetic-v1,organic
txn_0000064,mch_0005,cust_00028,dev_cust_00028_64,6674.79,INR,upi,2025-11-20T16:42:41.527683+00:00,electronics,1204,0.0,1,0,0,0.0,6674.79,0.0,0,0,0,0.0,0.2165,0.1378,16,0,0.0,0.65,0,synthetic-v1,organic
txn_0000065,mch_0008,cust_00012,dev_cust_00012_21,3541.66,INR,upi,2025-11-20T17:48:57.382115+00:00,ecommerce,1088,12.23,0,0,0,0.0,13604.8,-0.7396,0,1,0,0.0,0.0241,0.0402,17,0,0.0,0.3,0,synthetic-v1,organic
txn_0000066,mch_0002,cust_00067,dev_cust_00067_66,1320.18,INR,upi,2025-11-21T17:45:34.469530+00:00,food,944,0.0,1,0,0,0.0,1320.18,0.0,0,0,0,0.0,0.0334,0.0885,17,0,0.0,0.65,0,synthetic-v1,organic
txn_0000067,mch_0012,cust_00039,dev_cust_00039_67,615.64,INR,netbanking,2025-11-22T06:25:50.711430+00:00,digital_goods,446,0.0,1,0,0,0.0,615.64,0.0,0,0,2,0.0,0.01,0.2725,6,1,0.0,0.35,0,synthetic-v1,organic
txn_0000068,mch_0004,cust_00079,dev_cust_00079_68,367.92,INR,upi,2025-11-22T23:06:48.372126+00:00,digital_goods,520,0.0,1,0,0,0.0,367.92,0.0,0,0,0,0.0,0.2007,0.0792,23,1,0.0,0.65,0,synthetic-v1,organic
txn_0000069,mch_0011,cust_00028,dev_cust_00028_64,444.51,INR,upi,2025-11-23T11:08:17.265428+00:00,utilities,1207,2.77,0,0,0,0.0,6674.79,-0.9333,0,1,0,0.0,0.2165,0.1378,11,1,0.0,0.8,0,synthetic-v1,organic
txn_0000070,mch_0006,cust_00073,dev_cust_00073_70,1542.77,INR,card,2025-11-23T23:52:58.635658+00:00,fashion,922,0.0,1,0,0,0.0,1542.77,0.0,0,0,0,0.0,0.2195,0.013,23,1,0.0,0.65,0,synthetic-v1,organic
txn_0000071,mch_0008,cust_00061,dev_cust_00061_1,1485.31,INR,upi,2025-11-24T03:29:41.879372+00:00,ecommerce,602,21.94,0,0,0,0.0,1671.15,-0.1111,0,7,0,0.0,0.1286,0.0282,3,0,0.0,0.6571,0,synthetic-v1,organic
txn_0000072,mch_0009,cust_00095,dev_cust_00095_72,5171.95,INR,card,2025-11-24T07:56:20.444085+00:00,travel,1081,0.0,1,0,0,0.0,5171.95,0.0,0,0,0,0.0,0.1796,0.3193,7,0,0.0,0.65,0,synthetic-v1,organic
txn_0000073,mch_0010,cust_00077,dev_cust_00077_73,1711.18,INR,upi,2025-11-24T17:46:23.636375+00:00,food,782,0.0,1,0,0,0.0,1711.18,0.0,0,0,0,0.0,0.0733,0.0257,17,0,0.0,0.65,0,synthetic-v1,organic
txn_0000074,mch_0017,cust_00005,dev_cust_00005_74,5592.66,INR,upi,2025-11-24T22:37:16.618932+00:00,travel,1012,0.0,1,0,0,0.0,5592.66,0.0,0,0,0,0.0,0.2188,0.0986,22,0,0.0,0.65,0,synthetic-v1,organic
txn_0000075,mch_0015,cust_00061,dev_cust_00061_1,2199.23,INR,wallet,2025-11-25T01:24:08.660466+00:00,education,603,22.86,0,0,1,1485.31,1647.92,0.3344,1,8,0,0.0,0.1286,0.0282,1,0,0.0417,0.675,0,synthetic-v1,organic
txn_0000076,mch_0006,cust_00024,dev_cust_00024_56,1588.96,INR,card,2025-11-25T08:55:39.558949+00:00,fashion,317,6.89,0,0,0,0.0,6341.53,-0.7493,0,3,0,0.0,0.0245,0.2065,8,0,0.0,0.8,0,synthetic-v1,organic
txn_0000077,mch_0000,cust_00047,dev_cust_00047_77,1051.5,INR,netbanking,2025-11-25T11:06:51.126028+00:00,ecommerce,806,0.0,1,0,0,0.0,1051.5,0.0,0,0,0,0.0,0.1184,0.1585,11,0,0.0,0.65,0,synthetic-v1,organic
txn_0000078,mch_0013,cust_00023,dev_cust_00023_0,19963.57,INR,netbanking,2025-11-26T01:58:40.498993+00:00,electronics,204,23.92,0,0,0,0.0,2303.89,7.6618,0,3,0,0.0,0.4,0.4,1,0,0.0,0.8,0,synthetic-v1,organic
txn_0000079,mch_0001,cust_00070,dev_cust_00070_79,8644.43,INR,card,2025-11-26T13:20:49.903959+00:00,travel,411,0.0,1,0,0,0.0,8644.43,0.0,0,0,0,0.0,0.3497,0.0875,13,0,0.0,0.65,0,synthetic-v1,organic
txn_0000080,mch_0021,cust_00022,dev_cust_00022_53,5213.56,INR,wallet,2025-11-26T14:34:04.014528+00:00,electronics,815,9.89,0,0,0,0.0,2993.01,0.7417,0,3,2,0.0,0.0478,0.0608,14,0,0.0,0.4333,0,synthetic-v1,organic
txn_0000081,mch_0014,cust_00054,dev_cust_00054_81,1330.59,INR,upi,2025-11-26T16:07:44.907877+00:00,fashion,85,0.0,1,0,0,0.0,1330.59,0.0,0,0,0,0.0,0.0547,0.041,16,0,0.0,0.65,0,synthetic-v1,organic
txn_0000082,mch_0020,cust_00018,dev_cust_00018_82,1355.75,INR,upi,2025-11-26T17:39:58.697432+00:00,digital_goods,765,0.0,1,0,0,0.0,1355.75,0.0,0,0,0,0.0,0.1723,0.1078,17,0,0.0,0.65,0,synthetic-v1,organic
txn_0000083,mch_0005,cust_00033,dev_cust_00033_50,3439.81,INR,upi,2025-11-26T23:37:45.592087+00:00,electronics,1315,11.17,0,0,0,0.0,397.39,7.6367,0,1,0,0.0,0.1677,0.1033,23,0,0.0,0.8,0,synthetic-v1,organic
txn_0000084,mch_0006,cust_00064,dev_cust_00064_84,2311.09,INR,upi,2025-11-27T18:24:40.601314+00:00,fashion,823,0.0,1,0,0,0.0,2311.09,0.0,0,0,0,0.0,0.1269,0.1953,18,0,0.0,0.65,1,synthetic-v1,organic
txn_0000085,mch_0000,cust_00052,dev_cust_00052_85,2446.74,INR,upi,2025-11-27T21:26:18.204214+00:00,ecommerce,1207,0.0,1,0,0,0.0,2446.74,0.0,0,0,0,0.0,0.1619,0.0814,21,0,0.0,0.65,0,synthetic-v1,organic
txn_0000086,mch_0002,cust_00061,dev_cust_00061_1,1475.35,INR,upi,2025-11-28T05:56:46.343293+00:00,food,606,26.05,0,0,0,0.0,1709.18,-0.1367,0,9,0,0.0,0.1286,0.0282,5,0,0.0,0.6889,0,synthetic-v1,organic
txn_0000087,mch_0013,cust_00061,dev_cust_00061_1,5418.96,INR,upi,2025-11-28T07:21:45.174248+00:00,electronics,606,26.11,0,0,1,1475.35,1685.79,2.2132,0,10,0,0.0,0.1286,0.0282,7,0,0.0417,0.7,1,synthetic-v1,organic
txn_0000088,mch_0003,cust_00081,dev_cust_00081_88,3862.62,INR,upi,2025-11-28T17:35:47.134396+00:00,utilities,918,0.0,1,0,0,0.0,3862.62,0.0,0,0,0,824.9,0.0681,0.153,17,0,0.0,0.65,0,synthetic-v1,geo_jump
txn_0000089,mch_0007,cust_00015,dev_cust_00015_41,1656.68,INR,upi,2025-11-28T18:15:35.002743+00:00,education,1343,15.48,0,0,0,0.0,4128.5,-0.5986,0,2,0,0.0,0.0638,0.0378,18,0,0.0,0.55,0,synthetic-v1,organic
txn_0000090,mch_0010,cust_00041,dev_cust_00041_90,1066.7,INR,upi,2025-11-29T00:17:03.958506+00:00,food,1115,0.0,1,0,0,0.0,1066.7,0.0,0,0,0,0.0,0.0379,0.2751,0,1,0.0,0.65,0,synthetic-v1,organic
txn_0000091,mch_0019,cust_00060,dev_cust_00060_36,1851.19,INR,card,2025-11-29T09:54:30.103281+00:00,utilities,1117,18.09,0,0,0,0.0,7308.27,-0.7466,0,1,3,0.0,0.4,0.4,9,1,0.0,0.5,0,synthetic-v1,organic
txn_0000092,mch_0010,cust_00010,dev_cust_00010_4,979.03,INR,card,2025-11-29T22:51:45.958182+00:00,food,921,26.89,0,0,0,0.0,1225.97,-0.2013,0,2,0,0.0,0.1766,0.0319,22,1,0.0,0.8,0,synthetic-v1,organic
txn_0000093,mch_0001,cust_00116,dev_cust_00116_42,1511.69,INR,wallet,2025-11-29T23:46:08.051803+00:00,travel,351,16.45,0,0,0,0.0,6173.91,-0.755,0,3,0,0.0,0.0498,0.0858,23,1,0.0,0.8,0,synthetic-v1,organic
txn_0000094,mch_0007,cust_00024,dev_cust_00024_56,3992.63,INR,upi,2025-11-30T02:28:14.008656+00:00,education,322,11.62,0,0,0,0.0,5153.38,-0.2252,0,4,0,0.0,0.0245,0.2065,2,1,0.0,0.8,0,synthetic-v1,organic
txn_0000095,mch_0022,cust_00119,dev_cust_00119_13,2060.77,INR,upi,2025-11-30T16:45:38.224395+00:00,fashion,356,24.2,0,0,0,0.0,4107.31,-0.4981,0,5,0,0.0,0.1969,0.0453,16,1,0.0,0.8,1,synthetic-v1,organic
txn_0000096,mch_0020,cust_00023,dev_cust_00023_0,544.94,INR,card,2025-11-30T21:48:13.760220+00:00,digital_goods,208,28.75,0,0,0,0.0,6718.81,-0.9188,0,4,0,0.0,0.4,0.4,21,1,0.0,0.8,0,synthetic-v1,organic
txn_0000097,mch_0015,cust_00060,dev_cust_00060_97,1167.37,INR,upi,2025-11-30T22:53:36.533302+00:00,education,1118,0.0,1,0,0,0.0,4579.73,-0.7449,0,2,3,0.0,0.4,0.4,22,1,0.0,0.5,0,synthetic-v1,organic
txn_0000098,mch_0005,cust_00000,dev_cust_00000_40,6518.52,INR,card,2025-11-30T22:58:33.949951+00:00,electronics,181,17.95,0,0,0,0.0,39289.29,-0.8341,0,1,0,0.0,0.1058,0.2893,22,1,0.0,0.8,1,synthetic-v1,organic
txn_0000099,mch_0012,cust_00070,dev_cust_00070_79,1469.31,INR,upi,2025-12-01T07:54:52.746270+00:00,digital_goods,416,4.77,0,0,0,0.0,8644.43,-0.8299,0,1,0,0.0,0.3497,0.0875,7,0,0.0,0.8,1,synthetic-v1,organic
txn_0000100,mch_0023,cust_00037,dev_cust_00037_33,3540.55,INR,card,2025-12-01T18:07:29.330664+00:00,education,492,20.94,0,0,0,0.0,3922.82,-0.0974,0,1,0,0.0,0.0571,0.2659,18,0,0.0,0.8,0,synthetic-v1,organic
txn_0000101,mch_0005,cust_00077,dev_cust_00077_73,7253.11,INR,card,2025-12-01T20:40:01.474346+00:00,electronics,789,7.12,0,0,0,0.0,1711.18,3.2368,0,1,0,0.0,0.0733,0.0257,20,0,0.0,0.8,0,synthetic-v1,organic
txn_0000102,mch_0023,cust_00119,dev_cust_00119_13,2785.45,INR,card,2025-12-02T04:28:02.094765+00:00,education,358,25.69,0,0,0,0.0,3766.22,-0.2603,0,6,0,0.0,0.1969,0.0453,4,0,0.0,0.7167,0,synthetic-v1,organic
txn_0000103,mch_0019,cust_00116,dev_cust_00116_42,3532.36,INR,upi,2025-12-02T21:06:06.509729+00:00,utilities,354,19.34,0,0,0,0.0,5008.35,-0.2946,0,4,0,0.0,0.0498,0.0858,21,0,0.0,0.8,0,synthetic-v1,organic
txn_0000104,mch_0017,cust_00072,dev_cust_00072_12,5107.13,INR,wallet,2025-12-03T10:26:20.837143+00:00,travel,841,27.11,0,0,0,0.0,4913.97,0.0393,0,2,0,0.0,0.1244,0.3808,10,0,0.0,0.8,1,synthetic-v1,organic
txn_0000105,mch_0019,cust_00054,dev_cust_00054_81,793.94,INR,upi,2025-12-03T16:14:15.367313+00:00,utilities,92,7.0,0,0,0,0.0,1330.59,-0.403,0,1,0,0.0,0.0547,0.041,16,0,0.0,0.8,0,synthetic-v1,organic
txn_0000106,mch_0012,cust_00060,dev_cust_00060_97,554.19,INR,card,2025-12-04T14:03:57.103614+00:00,digital_goods,1122,3.63,0,0,0,0.0,3442.28,-0.8388,0,3,3,0.0,0.4,0.4,14,0,0.0,0.5,0,synthetic-v1,organic
txn_0000107,mch_0018,cust_00029,dev_cust_00029_107,287.13,INR,card,2025-12-04T19:50:28.806364+00:00,food,1072,0.0,1,0,0,0.0,287.13,0.0,0,0,0,0.0,0.1546,0.0677,19,0,0.0,0.65,0,synthetic-v1,organic
txn_0000108,mch_0011,cust_00012,dev_cust_00012_21,2483.32,INR,netbanking,2025-12-04T22:21:31.433965+00:00,utilities,1102,26.42,0,0,0,0.0,8573.23,-0.7103,0,2,0,0.0,0.0241,0.0402,22,0,0.0,0.55,0,synthetic-v1,organic
txn_0000109,mch_0021,cust_00015,dev_cust_00015_41,8276.97,INR,upi,2025-12-04T23:56:10.351414+00:00,electronics,1349,21.72,0,0,0,0.0,3304.56,1.5043,0,3,0,0.0,0.0638,0.0378,23,0,0.0,0.6333,0,synthetic-v1,organic
txn_0000110,mch_0020,cust_00105,dev_cust_00105_110,841.07,INR,upi,2025-12-05T19:48:52.215219+00:00,digital_goods,65,0.0,1,0,0,0.0,841.07,0.0,0,0,0,0.0,0.1973,0.2277,19,0,0.0,0.65,0,synthetic-v1,organic
txn_0000111,mch_0004,cust_00038,dev_cust_00038_111,867.87,INR,card,2025-12-06T02:14:05.518950+00:00,digital_goods,670,0.0,1,0,0,0.0,867.87,0.0,0,0,0,0.0,0.0732,0.1614,2,1,0.0,0.65,0,synthetic-v1,organic
txn_0000112,mch_0015,cust_00040,dev_cust_00040_46,1899.03,INR,upi,2025-12-06T13:19:15.236393+00:00,education,229,21.82,0,0,0,0.0,5444.27,-0.6511,0,1,0,0.0,0.1379,0.1046,13,1,0.0,0.3,0,synthetic-v1,organic
txn_0000113,mch_0001,cust_00018,dev_cust_00018_82,2860.04,INR,upi,2025-12-06T18:17:06.523599+00:00,travel,775,10.03,0,0,0,0.0,1355.75,1.1087,0,1,0,0.0,0.1723,0.1078,18,1,0.0,0.8,0,synthetic-v1,organic
txn_0000114,mch_0012,cust_00071,dev_cust_00071_114,596.68,INR,card,2025-12-07T05:45:16.858658+00:00,digital_goods,187,0.0,1,0,0,0.0,596.68,0.0,0,0,0,0.0,0.077,0.0722,5,1,0.0,0.65,1,synthetic-v1,organic
txn_0000115,mch_0000,cust_00029,dev_cust_00029_107,1037.48,INR,netbanking,2025-12-07T11:54:20.939765+00:00,ecommerce,1075,2.67,0,0,0,0.0,287.13,2.6042,7,1,0,0.0,0.1546,0.0677,11,1,0.0,0.8,0,synthetic-v1,failed_attempts_burst
txn_0000116,mch_0012,cust_00008,dev_cust_00008_116,302.63,INR,upi,2025-12-07T14:37:22.403434+00:00,digital_goods,451,0.0,1,0,0,0.0,302.63,0.0,0,0,0,0.0,0.1551,0.1547,14,1,0.0,0.65,0,synthetic-v1,organic
txn_0000117,mch_0013,cust_00024,dev_cust_00024_56,3201.59,INR,card,2025-12-07T16:32:48.970909+00:00,electronics,329,19.21,0,0,0,0.0,4921.23,-0.3494,0,5,0,216.6,0.0245,0.2065,16,1,0.0,0.8,0,synthetic-v1,organic
txn_0000118,mch_0013,cust_00022,dev_cust_00022_53,5323.87,INR,upi,2025-12-07T19:06:59.929723+00:00,electronics,826,21.08,0,0,0,0.0,3548.15,0.5003,0,4,2,0.0,0.0478,0.0608,19,1,0.0,0.475,0,synthetic-v1,organic
txn_0000119,mch_0004,cust_00073,dev_cust_00073_70,825.67,INR,card,2025-12-08T00:01:21.979417+00:00,digital_goods,937,14.01,0,0,0,0.0,1542.77,-0.4645,0,1,0,0.0,0.2195,0.013,0,0,0.0,0.8,0,synthetic-v1,organic
txn_0000120,mch_0008,cust_00028,dev_cust_00028_64,2635.25,INR,upi,2025-12-08T05:11:10.401245+00:00,ecommerce,1222,17.52,0,0,0,0.0,3559.65,-0.2596,0,2,0,0.0,0.2165,0.1378,5,0,0.0,0.8,0,synthetic-v1,organic
txn_0000121,mch_0001,cust_00100,dev_cust_00100_121,5951.12,INR,upi,2025-12-09T21:53:55.391730+00:00,travel,615,0.0,1,0,0,0.0,5951.12,0.0,0,0,0,0.0,0.061,0.0606,21,0,0.0,0.65,0,synthetic-v1,organic
txn_0000122,mch_0004,cust_00061,dev_cust_00061_1,1813.2,INR,upi,2025-12-10T03:23:07.694022+00:00,digital_goods,618,37.94,0,0,0,0.0,2025.17,-0.1046,0,11,0,0.0,0.1286,0.0282,3,0,0.0,0.6636,0,synthetic-v1,organic
txn_0000123,mch_0018,cust_00037,dev_cust_00037_33,555.36,INR,upi,2025-12-10T04:18:03.091010+00:00,food,501,29.36,0,0,0,0.0,3731.68,-0.8509,0,2,0,0.0,0.0571,0.2659,4,0,0.0,0.8,0,synthetic-v1,organic
txn_0000124,mch_0005,cust_00004,dev_cust_00004_14,6061.93,INR,upi,2025-12-10T04:29:15.980247+00:00,electronics,931,33.69,0,0,0,0.0,1736.2,2.4901,0,1,0,0.0,0.1261,0.1217,4,0,0.0,0.8,0,synthetic-v1,organic
txn_0000125,mch_0014,cust_00110,dev_cust_00110_125,2058.46,INR,upi,2025-12-10T15:08:53.168326+00:00,fashion,1079,0.0,1,0,0,0.0,2058.46,0.0,0,0,0,0.0,0.1102,0.2054,15,0,0.0,0.65,0,synthetic-v1,organic
txn_0000126,mch_0001,cust_00026,dev_cust_00026_27,6888.79,INR,card,2025-12-11T03:05:01.630776+00:00,travel,879,31.25,0,0,0,0.0,3823.58,0.8014,0,1,0,0.0,0.2098,0.0473,3,0,0.0,0.8,0,synthetic-v1,organic
txn_0000127,mch_0000,cust_00049,dev_cust_00049_127,975.11,INR,upi,2025-12-11T03:54:42.749732+00:00,ecommerce,90,0.0,1,0,0,0.0,975.11,0.0,0,0,0,0.0,0.1385,0.0938,3,0,0.0,0.65,0,synthetic-v1,organic
txn_0000128,mch_0020,cust_00082,dev_cust_00082_128,1910.79,INR,card,2025-12-11T05:52:43.831757+00:00,digital_goods,610,0.0,1,0,0,0.0,1910.79,0.0,0,0,0,0.0,0.0197,0.1243,5,0,0.0,0.65,0,synthetic-v1,organic
txn_0000129,mch_0004,cust_00019,dev_cust_00019_31,991.99,INR,upi,2025-12-11T07:41:11.394334+00:00,digital_goods,1350,30.87,0,0,0,0.0,872.32,0.137,0,1,0,0.0,0.0317,0.1744,7,0,0.0,0.8,0,synthetic-v1,organic
txn_0000130,mch_0002,cust_00072,dev_cust_00072_12,1550.62,INR,upi,2025-12-11T08:46:50.659544+00:00,food,849,35.04,0,0,0,0.0,4978.36,-0.6884,0,3,0,0.0,0.1244,0.3808,8,0,0.0,0.6333,1,synthetic-v1,organic
txn_0000131,mch_0008,cust_00061,dev_cust_00061_1,1176.23,INR,netbanking,2025-12-11T13:12:37.857491+00:00,ecommerce,619,39.35,0,0,0,0.0,2007.51,-0.4139,0,12,0,0.0,0.1286,0.0282,13,0,0.0,0.675,0,synthetic-v1,organic
txn_0000132,mch_0001,cust_00038,dev_cust_00038_111,5525.57,INR,card,2025-12-11T15:15:02.312837+00:00,travel,675,5.54,0,0,0,0.0,867.87,5.3606,1,1,3,0.0,0.0732,0.1614,15,0,0.0,0.5,1,synthetic-v1,prior_chargebacks
txn_0000133,mch_0011,cust_00038,dev_cust_00038_111,522.39,INR,card,2025-12-11T21:55:45.145859+00:00,utilities,675,5.82,0,0,1,5525.57,3196.72,-0.8363,0,2,0,0.0,0.0732,0.1614,21,0,0.0417,0.55,0,synthetic-v1,organic
txn_0000134,mch_0022,cust_00112,dev_cust_00112_3,1494.34,INR,card,2025-12-12T02:59:05.128726+00:00,fashion,1269,39.16,0,0,0,0.0,2418.87,-0.3821,1,1,0,0.0,0.0657,0.1437,2,0,0.0,0.8,1,synthetic-v1,organic
txn_0000135,mch_0008,cust_00005,dev_cust_00005_135,365.76,INR,card,2025-12-12T06:06:37.585402+00:00,ecommerce,1030,0.0,1,0,0,0.0,5592.66,-0.9344,0,1,0,0.0,0.2188,0.0986,6,0,0.0,0.8,0,synthetic-v1,organic
txn_0000136,mch_0002,cust_00006,dev_cust_00006_136,1627.71,INR,upi,2025-12-12T16:00:30.779969+00:00,food,179,0.0,1,0,0,0.0,1627.71,0.0,0,0,0,0.0,0.2752,0.197,16,0,0.0,0.65,0,synthetic-v1,organic
txn_0000137,mch_0015,cust_00038,dev_cust_00038_111,10889.8,INR,wallet,2025-12-12T22:05:50.003187+00:00,education,676,6.83,0,0,0,0.0,2305.27,3.7223,1,3,0,0.0,0.0732,0.1614,22,0,0.0,0.6333,0,synthetic-v1,large_amount
txn_0000138,mch_0009,cust_00029,dev_cust_00029_107,3255.54,INR,upi,2025-12-14T02:12:57.926660+00:00,travel,1082,9.27,0,0,0,0.0,662.31,3.9096,4,2,0,0.0,0.1546,0.0677,2,1,0.0,0.8,1,synthetic-v1,failed_attempts_burst
txn_0000139,mch_0003,cust_00112,dev_cust_00112_3,1113.15,INR,upi,2025-12-14T04:06:11.460295+00:00,utilities,1271,41.2,0,0,0,0.0,1956.6,-0.4309,4,2,0,0.0,0.0657,0.1437,4,1,0.0,0.55,0,synthetic-v1,failed_attempts_burst
txn_0000140,mch_0004,cust_00087,dev_cust_00087_140,492.3,INR,upi,2025-12-14T08:15:43.757543+00:00,digital_goods,1068,0.0,1,6,6,1476.9,492.3,0.0,0,0,0,0.0,0.1485,0.0439,8,1,3.25,0.65,1,synthetic-v1,short_time_burst
txn_0000141,mch_0012,cust_00005,dev_cust_00005_135,701.87,INR,upi,2025-12-15T05:46:29.377783+00:00,digital_goods,1033,2.99,0,0,0,0.0,2979.21,-0.7642,0,2,0,0.0,0.2188,0.0986,5,0,0.0,0.8,0,synthetic-v1,organic
txn_0000142,mch_0010,cust_00042,dev_cust_00042_142,570.83,INR,upi,2025-12-16T01:17:48.827407+00:00,food,638,0.0,1,0,0,0.0,570.83,0.0,0,0,0,0.0,0.0978,0.0307,1,0,0.0,0.65,0,synthetic-v1,organic
txn_0000143,mch_0020,cust_00107,dev_cust_00107_143,1868.66,INR,netbanking,2025-12-16T03:42:54.558616+00:00,digital_goods,441,0.0,1,0,0,0.0,1868.66,0.0,0,0,0,0.0,0.1156,0.1059,3,0,0.0,0.65,0,synthetic-v1,organic
txn_0000144,mch_0017,cust_00111,dev_cust_00111_144,3648.48,INR,wallet,2025-12-16T08:17:51.172325+00:00,travel,326,0.0,1,0,0,0.0,3648.48,0.0,0,0,0,0.0,0.0241,0.0236,8,0,0.0,0.65,0,synthetic-v1,organic
txn_0000145,mch_0013,cust_00072,dev_cust_00072_12,25478.86,INR,card,2025-12-16T09:32:31.010666+00:00,electronics,854,40.08,0,0,0,0.0,4121.42,5.1808,0,4,0,0.0,0.1244,0.3808,9,0,0.0,0.55,0,synthetic-v1,organic
txn_0000146,mch_0006,cust_00040,dev_cust_00040_46,2558.32,INR,card,2025-12-16T22:14:51.332058+00:00,fashion,239,32.19,0,6,6,7674.97,3671.65,-0.3031,0,2,0,0.0,0.1379,0.1046,22,0,3.25,0.55,0,synthetic-v1,short_time_burst
txn_0000147,mch_0006,cust_00087,dev_cust_00087_140,771.81,INR,upi,2025-12-17T07:37:44.544943+00:00,fashion,1071,2.97,0,0,0,0.0,492.3,0.5666,0,1,0,0.0,0.1485,0.0439,7,0,0.0,0.3,0,synthetic-v1,organic
txn_0000148,mch_0002,cust_00059,dev_cust_00059_148,494.82,INR,upi,2025-12-17T17:34:20.638090+00:00,food,976,0.0,1,0,0,0.0,494.82,0.0,1,0,0,0.0,0.0667,0.212,17,0,0.0,0.65,0,synthetic-v1,organic
txn_0000149,mch_0018,cust_00070,dev_cust_00070_79,1568.22,INR,card,2025-12-18T09:59:25.784646+00:00,food,433,21.86,0,0,0,0.0,5056.87,-0.6897,0,2,0,0.0,0.3497,0.0875,9,0,0.0,0.55,0,synthetic-v1,organic
txn_0000150,mch_0001,cust_00083,dev_cust_00083_150,8625.12,INR,card,2025-12-18T16:49:22.102704+00:00,travel,731,0.0,1,0,0,0.0,8625.12,0.0,0,0,0,0.0,0.3038,0.0573,16,0,0.0,0.65,0,synthetic-v1,organic
txn_0000151,mch_0018,cust_00049,dev_cust_00049_127,385.59,INR,upi,2025-12-18T22:13:38.257615+00:00,food,97,7.76,0,0,0,0.0,975.11,-0.6039,0,1,0,0.0,0.1385,0.0938,22,0,0.0,0.8,0,synthetic-v1,organic
txn_0000152,mch_0003,cust_00082,dev_cust_00082_128,2408.23,INR,netbanking,2025-12-19T18:02:42.676970+00:00,utilities,618,8.51,0,0,0,0.0,1910.79,0.2602,0,1,0,0.0,0.0197,0.1243,18,0,0.0,0.8,0,synthetic-v1,organic
txn_0000153,mch_0014,cust_00041,dev_cust_00041_90,3592.79,INR,netbanking,2025-12-20T10:13:55.702549+00:00,fashion,1136,21.41,0,0,0,0.0,1066.7,2.3659,0,1,0,0.0,0.0379,0.2751,10,1,0.0,0.8,0,synthetic-v1,organic
txn_0000154,mch_0005,cust_00015,dev_cust_00015_41,8081.96,INR,card,2025-12-20T11:07:21.405394+00:00,electronics,1365,37.19,0,0,0,0.0,4547.66,0.777,0,4,0,0.0,0.0638,0.0378,11,1,0.0,0.675,0,synthetic-v1,organic
txn_0000155,mch_0009,cust_00074,dev_cust_00074_15,4030.46,INR,upi,2025-12-21T03:53:52.230075+00:00,travel,515,44.19,0,0,0,0.0,2377.11,0.6952,1,1,0,0.0,0.0258,0.1133,3,1,0.0,0.8,0,synthetic-v1,organic
txn_0000156,mch_0008,cust_00060,dev_cust_00060_97,1629.27,INR,upi,2025-12-21T13:39:01.809693+00:00,ecommerce,1139,20.61,0,0,0,0.0,2720.26,-0.4009,0,4,3,0.0,0.4,0.4,13,1,0.0,0.5,0,synthetic-v1,organic
txn_0000157,mch_0023,cust_00024,dev_cust_00024_56,1860.31,INR,upi,2025-12-21T18:39:39.509098+00:00,education,343,33.29,0,0,0,0.0,4634.63,-0.5985,0,6,0,0.0,0.0245,0.2065,18,1,0.0,0.8,0,synthetic-v1,organic
txn_0000158,mch_0022,cust_00077,dev_cust_00077_73,1388.58,INR,card,2025-12-21T19:24:02.425796+00:00,fashion,809,27.07,0,0,0,0.0,4482.15,-0.69,0,2,0,0.0,0.0733,0.0257,19,1,0.0,0.8,0,synthetic-v1,organic
txn_0000159,mch_0003,cust_00091,dev_cust_00091_159,3293.53,INR,wallet,2025-12-22T04:59:41.871141+00:00,utilities,1200,0.0,1,0,0,0.0,3293.53,0.0,0,0,0,0.0,0.0692,0.1879,4,0,0.0,0.65,0,synthetic-v1,organic
txn_0000160,mch_0010,cust_00079,dev_cust_00079_68,6688.92,INR,card,2025-12-22T05:58:36.747900+00:00,food,550,29.29,0,0,0,0.0,367.92,17.1336,0,1,0,0.0,0.2007,0.0792,5,0,0.0,0.8,1,synthetic-v1,large_amount
txn_0000161,mch_0015,cust_00068,dev_cust_00068_161,5677.13,INR,upi,2025-12-22T08:48:41.766283+00:00,education,396,0.0,1,4,4,11354.27,5677.13,0.0,1,0,2,0.0,0.0184,0.0391,8,0,2.1667,0.35,0,synthetic-v1,high_velocity
txn_0000162,mch_0015,cust_00095,dev_cust_00095_72,2979.88,INR,upi,2025-12-22T13:15:16.954689+00:00,education,1109,28.22,0,0,0,0.0,5171.95,-0.4238,0,1,0,0.0,0.1796,0.3193,13,0,0.0,0.8,1,synthetic-v1,organic
txn_0000163,mch_0009,cust_00115,dev_cust_00115_10,4018.03,INR,upi,2025-12-22T15:26:22.815550+00:00,travel,117,47.26,0,0,0,0.0,760.61,4.277,0,2,0,0.0,0.0747,0.0712,15,0,0.0,0.55,0,synthetic-v1,organic
txn_0000164,mch_0020,cust_00119,dev_cust_00119_13,2342.57,INR,upi,2025-12-22T20:53:34.147085+00:00,digital_goods,378,46.37,0,0,0,0.0,3626.11,-0.3539,0,7,0,0.0,0.1969,0.0453,20,0,0.0,0.7286,0,synthetic-v1,organic
txn_0000165,mch_0008,cust_00038,dev_cust_00038_111,2939.68,INR,upi,2025-12-23T06:04:04.035573+00:00,ecommerce,687,17.16,0,0,0,0.0,4451.41,-0.3395,0,4,0,0.0,0.0732,0.1614,6,0,0.0,0.675,0,synthetic-v1,organic
txn_0000166,mch_0004,cust_00072,dev_cust_00072_12,1486.49,INR,upi,2025-12-23T09:51:12.988303+00:00,digital_goods,861,47.09,0,0,0,0.0,8392.91,-0.8228,0,5,0,0.0,0.1244,0.3808,9,0,0.0,0.6,0,synthetic-v1,organic
txn_0000167,mch_0022,cust_00117,dev_cust_00117_167,1086.41,INR,netbanking,2025-12-23T11:10:55.476485+00:00,fashion,354,0.0,1,0,0,0.0,1086.41,0.0,0,0,0,0.0,0.157,0.1898,11,0,0.0,0.65,0,synthetic-v1,organic
txn_0000168,mch_0010,cust_00036,dev_cust_00036_35,1313.54,INR,card,2025-12-23T16:02:14.103559+00:00,food,607,42.5,0,0,0,0.0,735.54,0.7847,0,1,0,241.2,0.3398,0.01,16,0,0.0,0.8,0,synthetic-v1,organic
txn_0000169,mch_0018,cust_00035,dev_cust_00035_169,1112.7,INR,upi,2025-12-23T23:08:30.839896+00:00,food,1092,0.0,1,0,0,0.0,1112.7,0.0,1,0,0,0.0,0.2071,0.0372,23,0,0.0,0.65,0,synthetic-v1,organic
txn_0000170,mch_0008,cust_00080,dev_cust_00080_16,1393.14,INR,wallet,2025-12-24T01:42:24.987910+00:00,ecommerce,726,46.92,0,0,0,0.0,2943.0,-0.5264,0,2,0,0.0,0.2237,0.0487,1,0,0.0,0.55,0,synthetic-v1,organic
txn_0000171,mch_0013,cust_00071,dev_cust_00071_171,8436.81,INR,upi,2025-12-24T04:37:12.878803+00:00,electronics,204,0.0,1,0,0,0.0,596.68,13.1175,0,1,0,0.0,0.077,0.0722,4,0,0.0,0.3,0,synthetic-v1,organic
txn_0000172,mch_0011,cust_00105,dev_cust_00105_110,843.81,INR,card,2025-12-24T07:17:18.529863+00:00,utilities,84,18.48,0,0,0,0.0,841.07,0.0033,0,1,0,0.0,0.1973,0.2277,7,0,0.0,0.8,0,synthetic-v1,organic
txn_0000173,mch_0014,cust_00083,dev_cust_00083_173,927.0,INR,upi,2025-12-24T11:32:37.111197+00:00,fashion,737,0.0,1,0,0,0.0,8625.12,-0.8924,0,1,0,0.0,0.3038,0.0573,11,0,0.0,0.8,0,synthetic-v1,organic
txn_0000174,mch_0006,cust_00038,dev_cust_00038_111,1031.3,INR,upi,2025-12-24T13:23:41.650691+00:00,fashion,688,18.47,0,0,0,0.0,4149.06,-0.7513,1,5,0,0.0,0.0732,0.1614,13,0,0.0,0.7,1,synthetic-v1,organic
txn_0000175,mch_0022,cust_00024,dev_cust_00024_56,4087.0,INR,upi,2025-12-24T19:00:08.524964+00:00,fashion,346,36.31,0,0,0,0.0,4238.29,-0.0357,0,7,0,0.0,0.0245,0.2065,19,0,0.0,0.8,0,synthetic-v1,organic
txn_0000176,mch_0022,cust_00078,dev_cust_00078_176,1119.3,INR,upi,2025-12-24T23:46:28.921761+00:00,fashion,1077,0.0,1,0,0,0.0,1119.3,0.0,0,0,0,0.0,0.2472,0.1816,23,0,0.0,0.65,0,synthetic-v1,organic
txn_0000177,mch_0020,cust_00061,dev_cust_00061_1,540.33,INR,upi,2025-12-25T00:42:30.226892+00:00,digital_goods,633,52.83,0,0,0,0.0,1943.56,-0.7216,1,13,0,0.0,0.1286,0.0282,0,0,0.0,0.6846,0,synthetic-v1,organic
txn_0000178,mch_0019,cust_00013,dev_cust_00013_178,1609.28,INR,netbanking,2025-12-25T05:15:43.422917+00:00,utilities,656,0.0,1,0,0,0.0,1609.28,0.0,0,0,0,0.0,0.01,0.309,5,0,0.0,0.65,0,synthetic-v1,organic
txn_0000179,mch_0023,cust_00000,dev_cust_00000_40,4094.12,INR,upi,2025-12-25T06:13:48.375996+00:00,education,206,42.25,0,0,0,0.0,22903.9,-0.8212,0,2,0,0.0,0.1058,0.2893,6,0,0.0,0.55,0,synthetic-v1,organic
txn_0000180,mch_0022,cust_00024,dev_cust_00024_56,521.23,INR,upi,2025-12-25T10:15:11.436808+00:00,fashion,347,36.94,0,0,1,4087.0,4219.38,-0.8763,0,8,0,0.0,0.0245,0.2065,10,0,0.0417,0.8,0,synthetic-v1,organic
txn_0000181,mch_0023,cust_00040,dev_cust_00040_46,4477.83,INR,card,2025-12-25T21:47:51.501392+00:00,education,248,41.17,0,0,0,0.0,3300.54,0.3566,0,3,0,0.0,0.1379,0.1046,21,0,0.0,0.6333,1,synthetic-v1,organic
txn_0000182,mch_0023,cust_00054,dev_cust_00054_81,1445.1,INR,card,2025-12-26T06:43:04.017630+00:00,education,115,29.61,0,0,0,0.0,1062.27,0.3601,0,2,0,0.0,0.0547,0.041,6,0,0.0,0.8,0,synthetic-v1,organic
txn_0000183,mch_0014,cust_00092,dev_cust_00092_183,1643.95,INR,card,2025-12-26T06:59:35.159177+00:00,fashion,1101,0.0,1,0,0,0.0,1643.95,0.0,1,0,0,0.0,0.0663,0.0387,6,0,0.0,0.65,0,synthetic-v1,organic
txn_0000184,mch_0014,cust_00034,dev_cust_00034_9,3014.14,INR,upi,2025-12-26T12:13:02.091035+00:00,fashion,1179,51.15,0,0,0,0.0,2342.77,0.2864,0,1,0,0.0,0.0714,0.1661,12,0,0.0,0.8,0,synthetic-v1,organic
txn_0000185,mch_0017,cust_00018,dev_cust_00018_82,5706.2,INR,upi,2025-12-26T15:47:11.738296+00:00,travel,795,29.92,0,7,7,19971.68,2107.89,1.7062,0,2,0,0.0,0.1723,0.1078,15,0,3.7917,0.8,0,synthetic-v1,short_time_burst
txn_0000186,mch_0014,cust_00028,dev_cust_00028_64,3085.58,INR,card,2025-12-27T18:10:35.189375+00:00,fashion,1241,37.06,0,0,0,0.0,3251.52,-0.051,0,3,0,0.0,0.2165,0.1378,18,1,0.0,0.8,0,synthetic-v1,organic
txn_0000187,mch_0020,cust_00106,dev_cust_00106_187,1063.78,INR,wallet,2025-12-27T20:24:29.665427+00:00,digital_goods,1445,0.0,1,0,0,0.0,1063.78,0.0,1,0,0,0.0,0.3576,0.0158,20,1,0.0,0.65,0,synthetic-v1,organic
txn_0000188,mch_0007,cust_00094,dev_cust_00094_188,3213.13,INR,card,2025-12-27T21:06:33.041003+00:00,education,294,0.0,1,0,0,0.0,3213.13,0.0,0,0,0,0.0,0.118,0.1548,21,1,0.0,0.65,0,synthetic-v1,organic
txn_0000189,mch_0008,cust_00091,dev_cust_00091_159,653.91,INR,upi,2025-12-28T12:18:45.103605+00:00,ecommerce,1206,6.3,0,0,0,0.0,3293.53,-0.8012,0,1,0,0.0,0.0692,0.1879,12,1,0.0,0.8,0,synthetic-v1,organic
txn_0000190,mch_0023,cust_00005,dev_cust_00005_135,920.74,INR,upi,2025-12-28T13:50:20.365062+00:00,education,1046,16.32,0,0,0,0.0,2220.1,-0.585,0,3,0,0.0,0.2188,0.0986,13,1,0.0,0.8,0,synthetic-v1,organic
txn_0000191,mch_0012,cust_00063,dev_cust_00063_191,574.2,INR,upi,2025-12-29T03:42:50.838069+00:00,digital_goods,1454,0.0,1,0,0,0.0,574.2,0.0,0,0,0,0.0,0.0445,0.3634,3,0,0.0,0.65,0,synthetic-v1,organic
txn_0000192,mch_0021,cust_00040,dev_cust_00040_46,6468.5,INR,upi,2025-12-29T14:50:48.787980+00:00,electronics,252,44.88,0,0,0,0.0,3594.86,0.7992,0,4,0,0.0,0.1379,0.1046,14,0,0.0,0.55,0,synthetic-v1,organic
txn_0000193,mch_0008,cust_00092,dev_cust_00092_183,1365.31,INR,upi,2025-12-29T23:19:33.618897+00:00,ecommerce,1104,3.68,0,0,0,0.0,1643.95,-0.1694,0,1,0,0.0,0.0663,0.0387,23,0,0.0,0.8,0,synthetic-v1,organic
txn_0000194,mch_0005,cust_00087,dev_cust_00087_140,3663.67,INR,card,2025-12-30T00:07:49.217032+00:00,electronics,1084,15.66,0,0,0,0.0,632.06,4.7889,0,2,0,0.0,0.1485,0.0439,0,0,0.0,0.55,0,synthetic-v1,organic
txn_0000195,mch_0017,cust_00036,dev_cust_00036_35,16563.82,INR,card,2025-12-30T05:35:22.497763+00:00,travel,614,49.06,0,0,0,0.0,1024.54,15.1523,0,2,0,0.0,0.3398,0.01,5,0,0.0,0.8,0,synthetic-v1,organic
txn_0000196,mch_0021,cust_00029,dev_cust_00029_107,10001.17,INR,upi,2025-12-30T18:55:19.843475+00:00,electronics,1098,25.96,0,0,0,0.0,1526.72,5.5471,0,3,0,0.0,0.1546,0.0677,18,0,0.0,0.6333,0,synthetic-v1,organic
txn_0000197,mch_0023,cust_00116,dev_cust_00116_42,5655.09,INR,card,2025-12-30T21:53:56.222885+00:00,education,382,47.37,0,0,0,0.0,4713.15,0.1998,1,5,0,77.8,0.0498,0.0858,21,0,0.0,0.8,0,synthetic-v1,organic
txn_0000198,mch_0013,cust_00094,dev_cust_00094_188,3345.1,INR,card,2025-12-31T04:35:09.281321+00:00,electronics,298,3.31,0,0,0,0.0,3213.13,0.0411,0,1,0,0.0,0.118,0.1548,4,0,0.0,0.8,0,synthetic-v1,organic
txn_0000199,mch_0013,cust_00024,dev_cust_00024_56,9229.39,INR,card,2025-12-31T08:00:36.323775+00:00,electronics,353,42.85,0,0,0,0.0,3808.48,1.423,0,9,0,0.0,0.0245,0.2065,8,0,0.0,0.8,0,synthetic-v1,organic
txn_0000200,mch_0017,cust_00014,dev_cust_00014_44,6514.79,INR,upi,2025-12-31T13:57:48.562871+00:00,travel,750,47.43,0,0,0,0.0,4230.57,0.5398,0,1,0,0.0,0.0137,0.2297,13,0,0.0,0.3,0,synthetic-v1,organic
txn_0000201,mch_0012,cust_00115,dev_cust_00115_10,477.71,INR,netbanking,2025-12-31T17:12:17.284581+00:00,digital_goods,126,56.33,0,0,0,0.0,1846.41,-0.7409,0,3,0,0.0,0.0747,0.0712,17,0,0.0,0.6333,0,synthetic-v1,organic
txn_0000202,mch_0006,cust_00003,dev_cust_00003_8,2392.5,INR,upi,2025-12-31T19:17:16.260616+00:00,fashion,575,56.57,0,0,0,0.0,1001.24,1.3882,0,1,0,0.0,0.0382,0.1743,19,0,0.0,0.8,0,synthetic-v1,organic
txn_0000203,mch_0015,cust_00105,dev_cust_00105_110,2695.5,INR,card,2025-12-31T22:56:42.085234+00:00,education,91,26.13,0,0,0,0.0,842.44,2.197,0,2,0,0.0,0.1973,0.2277,22,0,0.0,0.8,0,synthetic-v1,organic
txn_0000204,mch_0017,cust_00095,dev_cust_00095_72,8214.42,INR,upi,2026-01-01T08:44:02.040585+00:00,travel,1119,38.03,0,0,0,0.0,4075.92,1.0151,0,2,0,0.0,0.1796,0.3193,8,0,0.0,0.55,0,synthetic-v1,organic
txn_0000205,mch_0015,cust_00098,dev_cust_00098_205,2591.79,INR,netbanking,2026-01-01T23:16:59.887260+00:00,education,538,0.0,1,0,0,0.0,2591.79,0.0,0,0,0,0.0,0.0832,0.1865,23,0,0.0,0.65,0,synthetic-v1,organic
txn_0000206,mch_0012,cust_00078,dev_cust_00078_176,741.34,INR,upi,2026-01-02T21:26:21.178319+00:00,digital_goods,1086,8.9,0,0,0,0.0,1119.3,-0.3374,0,1,0,0.0,0.2472,0.1816,21,0,0.0,0.8,0,synthetic-v1,organic
txn_0000207,mch_0007,cust_00044,dev_cust_00044_23,4024.82,INR,upi,2026-01-03T00:35:06.039106+00:00,education,1391,55.04,0,0,0,0.0,1565.22,1.5704,3,1,0,0.0,0.0229,0.1278,0,1,0.0,0.8,0,synthetic-v1,failed_attempts_burst
txn_0000208,mch_0014,cust_00037,dev_cust_00037_33,3147.57,INR,upi,2026-01-03T05:26:34.509680+00:00,fashion,525,53.41,0,0,0,0.0,2672.91,0.1775,0,3,0,0.0,0.0571,0.2659,5,1,0.0,0.8,0,synthetic-v1,organic
txn_0000209,mch_0021,cust_00095,dev_cust_00095_72,15563.03,INR,upi,2026-01-03T11:30:08.369423+00:00,electronics,1121,40.15,0,0,0,0.0,5455.42,1.8524,0,3,0,0.0,0.1796,0.3193,11,1,0.0,0.6333,0,synthetic-v1,organic
txn_0000210,mch_0011,cust_00105,dev_cust_00105_110,2492.81,INR,netbanking,2026-01-03T18:16:53.552740+00:00,utilities,94,28.94,0,0,0,0.0,1460.13,0.7068,0,3,0,0.0,0.1973,0.2277,18,1,0.0,0.8,0,synthetic-v1,organic
txn_0000211,mch_0014,cust_00059,dev_cust_00059_148,2428.61,INR,netbanking,2026-01-04T12:28:41.161068+00:00,fashion,994,17.79,0,0,0,0.0,494.82,3.9001,0,1,0,0.0,0.0667,0.212,12,1,0.0,0.8,0,synthetic-v1,organic
txn_0000212,mch_0004,cust_00110,dev_cust_00110_125,1742.39,INR,wallet,2026-01-04T12:51:58.804323+00:00,digital_goods,1104,24.9,0,0,0,0.0,2058.46,-0.1535,0,1,0,0.0,0.1102,0.2054,12,1,0.0,0.8,0,synthetic-v1,organic
txn_0000213,mch_0003,cust_00075,dev_cust_00075_213,2463.56,INR,upi,2026-01-04T14:12:25.058927+00:00,utilities,885,0.0,1,0,0,0.0,2463.56,0.0,0,0,0,0.0,0.0448,0.154,14,1,0.0,0.65,0,synthetic-v1,organic
txn_0000214,mch_0021,cust_00040,dev_cust_00040_46,9170.58,INR,upi,2026-01-04T17:05:06.509280+00:00,electronics,258,50.98,0,0,0,0.0,4169.59,1.1991,0,5,0,0.0,0.1379,0.1046,17,1,0.0,0.6,0,synthetic-v1,organic
txn_0000215,mch_0011,cust_00119,dev_cust_00119_13,1536.99,INR,card,2026-01-05T20:12:32.749256+00:00,utilities,392,60.34,0,0,0,0.0,3465.67,-0.5563,0,8,0,0.0,0.1969,0.0453,20,0,0.0,0.7375,1,synthetic-v1,organic
txn_0000216,mch_0022,cust_00116,dev_cust_00116_42,2818.14,INR,upi,2026-01-06T03:31:22.627841+00:00,fashion,389,53.61,0,0,0,0.0,4870.14,-0.4213,0,6,0,0.0,0.0498,0.0858,3,0,0.0,0.8,0,synthetic-v1,organic
txn_0000217,mch_0019,cust_00016,dev_cust_00016_43,1494.77,INR,upi,2026-01-06T13:58:16.103455+00:00,utilities,1149,53.51,0,0,0,0.0,1351.71,0.1058,1,1,0,0.0,0.1182,0.0917,13,0,0.0,0.8,0,synthetic-v1,organic
txn_0000218,mch_0021,cust_00027,dev_cust_00027_63,2863.67,INR,netbanking,2026-01-06T14:30:56.771452+00:00,electronics,1242,47.22,0,0,0,0.0,1190.54,1.4042,0,1,0,151.7,0.0944,0.0689,14,0,0.0,0.8,0,synthetic-v1,organic
txn_0000219,mch_0016,cust_00008,dev_cust_00008_116,3253.73,INR,card,2026-01-06T15:51:10.988223+00:00,ecommerce,481,30.05,0,0,0,0.0,302.63,9.7193,0,1,0,0.0,0.1551,0.1547,15,0,0.0,0.8,1,synthetic-v1,large_amount
txn_0000220,mch_0020,cust_00019,dev_cust_00019_31,1091.18,INR,upi,2026-01-06T19:58:07.101255+00:00,digital_goods,1376,57.38,0,0,0,0.0,932.15,0.1704,0,2,0,0.0,0.0317,0.1744,19,0,0.0,0.8,1,synthetic-v1,organic
txn_0000221,mch_0022,cust_00007,dev_cust_00007_2,3370.18,INR,upi,2026-01-06T22:41:37.458426+00:00,fashion,1144,65.6,0,0,0,0.0,3332.3,0.0114,0,3,3,0.0,0.1002,0.17,22,0,0.0,0.3333,0,synthetic-v1,organic
txn_0000222,mch_0001,cust_00118,dev_cust_00118_222,7409.29,INR,upi,2026-01-07T09:25:46.814384+00:00,travel,1264,0.0,1,0,0,0.0,7409.29,0.0,1,0,0,0.0,0.1377,0.0669,9,0,0.0,0.65,0,synthetic-v1,organic
txn_0000223,mch_0007,cust_00023,dev_cust_00023_0,1439.33,INR,upi,2026-01-07T12:41:48.541986+00:00,education,246,66.37,0,0,0,0.0,5484.04,-0.7374,0,5,0,0.0,0.4,0.4,12,0,0.0,0.8,0,synthetic-v1,organic
txn_0000224,mch_0015,cust_00082,dev_cust_00082_128,3918.54,INR,card,2026-01-07T14:04:55.004886+00:00,education,637,27.34,0,0,0,0.0,2159.51,0.8142,0,2,0,0.0,0.0197,0.1243,14,0,0.0,0.8,0,synthetic-v1,organic
txn_0000225,mch_0010,cust_00112,dev_cust_00112_225,8157.58,INR,card,2026-01-07T22:23:50.447340+00:00,food,1295,0.0,1,0,0,0.0,1675.45,3.8666,0,3,0,0.0,0.0657,0.1437,22,0,0.0,0.6333,0,synthetic-v1,new_device_amount
txn_0000226,mch_0017,cust_00000,dev_cust_00000_40,6336.56,INR,upi,2026-01-08T08:29:29.611837+00:00,travel,220,56.34,0,0,0,0.0,16633.98,-0.619,0,3,0,0.0,0.1058,0.2893,8,0,0.0,0.6333,0,synthetic-v1,organic
txn_0000227,mch_0023,cust_00055,dev_cust_00055_227,3239.7,INR,upi,2026-01-08T10:53:29.048218+00:00,education,644,0.0,1,0,0,0.0,3239.7,0.0,0,0,2,141.4,0.0943,0.0874,10,0,0.0,0.35,0,synthetic-v1,organic
txn_0000228,mch_0018,cust_00044,dev_cust_00044_23,1005.63,INR,upi,2026-01-08T12:53:09.614425+00:00,food,1396,60.55,0,0,0,0.0,2795.02,-0.64,0,2,0,0.0,0.0229,0.1278,12,0,0.0,0.8,0,synthetic-v1,organic
txn_0000229,mch_0001,cust_00073,dev_cust_00073_70,3419.44,INR,upi,2026-01-08T20:44:58.343785+00:00,travel,968,45.87,0,0,0,0.0,1184.22,1.8859,0,2,0,0.0,0.2195,0.013,20,0,0.0,0.8,1,synthetic-v1,organic
txn_0000230,mch_0011,cust_00061,dev_cust_00061_1,1872.64,INR,card,2026-01-08T21:48:39.142210+00:00,utilities,647,67.71,0,0,0,0.0,1843.33,0.0159,0,14,0,0.0,0.1286,0.0282,21,0,0.0,0.6929,0,synthetic-v1,organic
txn_0000231,mch_0006,cust_00024,dev_cust_00024_56,1006.3,INR,upi,2026-01-09T05:34:03.384860+00:00,fashion,362,51.75,0,0,0,0.0,4350.57,-0.7685,0,10,0,0.0,0.0245,0.2065,5,0,0.0,0.8,0,synthetic-v1,organic
txn_0000232,mch_0019,cust_00067,dev_cust_00067_66,5461.24,INR,card,2026-01-10T00:05:18.277708+00:00,utilities,994,49.26,0,0,0,0.0,1320.18,3.1344,0,1,0,0.0,0.0334,0.0885,0,1,0.0,0.8,0,synthetic-v1,organic
txn_0000233,mch_0003,cust_00027,dev_cust_00027_63,1029.83,INR,upi,2026-01-10T07:28:28.775497+00:00,utilities,1246,50.93,0,4,4,2059.66,2027.11,-0.4917,0,2,0,0.0,0.0944,0.0689,7,1,2.1667,0.8,0,synthetic-v1,high_velocity
txn_0000234,mch_0013,cust_00099,dev_cust_00099_234,4654.66,INR,netbanking,2026-01-10T21:48:41.118787+00:00,electronics,811,0.0,1,0,0,0.0,4654.66,0.0,0,0,0,0.0,0.2452,0.0498,21,1,0.0,0.65,1,synthetic-v1,organic
txn_0000235,mch_0008,cust_00110,dev_cust_00110_235,3442.5,INR,upi,2026-01-11T00:53:24.170516+00:00,ecommerce,1111,0.0,1,0,0,0.0,1900.43,0.811,3,2,0,2923.1,0.3602,0.4554,0,1,0.0,0.8,1,synthetic-v1,combined_weak_signals
txn_0000236,mch_0009,cust_00016,dev_cust_00016_43,4978.14,INR,upi,2026-01-11T07:36:20.836108+00:00,travel,1154,58.25,0,0,0,0.0,1423.24,2.496,1,2,0,0.0,0.1182,0.0917,7,1,0.0,0.8,1,synthetic-v1,organic
txn_0000237,mch_0018,cust_00087,dev_cust_00087_140,1389.21,INR,wallet,2026-01-11T12:11:32.336629+00:00,food,1096,28.16,0,0,0,0.0,1642.6,-0.1542,0,3,0,0.0,0.1485,0.0439,12,1,0.0,0.6333,1,synthetic-v1,organic
txn_0000238,mch_0022,cust_00060,dev_cust_00060_97,1298.44,INR,upi,2026-01-11T17:48:21.991626+00:00,fashion,1160,41.79,0,0,0,0.0,2502.06,-0.4809,0,5,3,0.0,0.4,0.4,17,1,0.0,0.5,0,synthetic-v1,organic
txn_0000239,mch_0001,cust_00077,dev_cust_00077_73,6396.29,INR,card,2026-01-11T20:47:13.050233+00:00,travel,830,48.13,0,0,0,0.0,3450.96,0.8532,0,3,0,0.0,0.0733,0.0257,20,1,0.0,0.8,0,synthetic-v1,organic
txn_0000240,mch_0015,cust_00041,dev_cust_00041_90,1051.67,INR,upi,2026-01-12T10:45:01.668010+00:00,education,1159,44.44,0,0,0,0.0,2329.74,-0.5484,0,2,0,0.0,0.0379,0.2751,10,0,0.0,0.8,0,synthetic-v1,organic
txn_0000241,mch_0010,cust_00068,dev_cust_00068_161,1430.18,INR,upi,2026-01-12T17:27:22.403561+00:00,food,417,21.36,0,0,0,0.0,5677.13,-0.7479,0,1,2,0.0,0.0184,0.0391,17,0,0.0,0.6,0,synthetic-v1,organic
txn_0000242,mch_0023,cust_00052,dev_cust_00052_85,4173.45,INR,card,2026-01-12T19:25:10.741367+00:00,education,1253,45.92,0,0,0,0.0,2446.74,0.7054,0,1,0,0.0,0.1619,0.0814,19,0,0.0,0.8,0,synthetic-v1,organic
txn_0000243,mch_0018,cust_00108,dev_cust_00108_243,2683.46,INR,upi,2026-01-13T00:42:08.521877+00:00,food,300,0.0,1,0,0,0.0,2683.46,0.0,0,0,0,0.0,0.0583,0.1911,0,0,0.0,0.65,0,synthetic-v1,organic
txn_0000244,mch_0022,cust_00000,dev_cust_00000_40,1565.8,INR,wallet,2026-01-13T10:51:54.729808+00:00,fashion,225,61.44,0,0,0,0.0,14059.62,-0.8886,0,4,0,0.0,0.1058,0.2893,10,0,0.0,0.675,0,synthetic-v1,organic
txn_0000245,mch_0016,cust_00027,dev_cust_00027_63,967.3,INR,card,2026-01-14T00:22:09.227051+00:00,ecommerce,1250,54.64,0,0,0,0.0,1694.68,-0.429,0,3,0,0.0,0.0944,0.0689,0,0,0.0,0.8,0,synthetic-v1,organic
txn_0000246,mch_0022,cust_00007,dev_cust_00007_2,1669.87,INR,card,2026-01-14T00:31:20.332592+00:00,fashion,1152,72.68,0,0,0,0.0,3341.77,-0.5002,0,4,3,0.0,0.1002,0.17,0,0,0.0,0.375,0,synthetic-v1,organic
txn_0000247,mch_0012,cust_00117,dev_cust_00117_167,4394.26,INR,wallet,2026-01-14T23:09:08.995633+00:00,digital_goods,376,22.5,0,0,0,0.0,1086.41,3.042,0,1,0,140.7,0.157,0.1898,23,0,0.0,0.8,0,synthetic-v1,organic
txn_0000248,mch_0009,cust_00105,dev_cust_00105_110,8855.39,INR,upi,2026-01-15T13:25:44.729296+00:00,travel,106,40.73,0,0,0,0.0,1718.3,4.1512,0,4,0,0.0,0.1973,0.2277,13,0,0.0,0.8,0,synthetic-v1,organic
txn_0000249,mch_0016,cust_00091,dev_cust_00091_159,3123.22,INR,upi,2026-01-15T13:53:52.135618+00:00,ecommerce,1224,24.37,0,0,0,0.0,1973.72,0.5821,0,2,0,46.3,0.0692,0.1879,13,0,0.0,0.8,0,synthetic-v1,organic
txn_0000250,mch_0012,cust_00080,dev_cust_00080_16,1221.03,INR,card,2026-01-15T21:04:45.505446+00:00,digital_goods,748,69.73,0,0,0,0.0,2426.38,-0.4966,0,3,0,0.0,0.2237,0.0487,21,0,0.0,0.6333,0,synthetic-v1,organic
txn_0000251,mch_0000,cust_00080,dev_cust_00080_16,774.91,INR,upi,2026-01-16T10:57:20.886998+00:00,ecommerce,749,70.3,0,0,1,1221.03,2125.04,-0.635,0,4,0,0.0,0.2237,0.0487,10,0,0.0417,0.675,0,synthetic-v1,organic
txn_0000252,mch_0017,cust_00018,dev_cust_00018_82,12108.87,INR,card,2026-01-16T21:15:26.343137+00:00,travel,816,51.15,0,0,0,0.0,3307.33,2.6604,0,3,0,0.0,0.1723,0.1078,21,0,0.0,0.8,0,synthetic-v1,organic
txn_0000253,mch_0020,cust_00087,dev_cust_00087_140,340.19,INR,card,2026-01-17T09:24:30.833251+00:00,digital_goods,1102,34.05,0,0,0,0.0,1579.25,-0.7841,0,4,0,0.0,0.1485,0.0439,9,1,0.0,0.55,1,synthetic-v1,organic
txn_0000254,mch_0011,cust_00088,dev_cust_00088_254,568.16,INR,card,2026-01-17T10:13:28.062140+00:00,utilities,244,0.0,1,0,0,0.0,568.16,0.0,0,0,0,0.0,0.0982,0.0785,10,1,0.0,0.65,0,synthetic-v1,organic
txn_0000255,mch_0011,cust_00029,dev_cust_00029_107,1203.1,INR,netbanking,2026-01-17T10:32:44.463292+00:00,utilities,1116,43.61,0,0,0,0.0,3645.33,-0.6698,0,4,0,0.0,0.1546,0.0677,10,1,0.0,0.675,0,synthetic-v1,organic
txn_0000256,mch_0005,cust_00002,dev_cust_00002_256,6428.99,INR,card,2026-01-17T12:53:28.527261+00:00,electronics,1066,0.0,1,0,0,0.0,6428.99,0.0,0,0,0,0.0,0.0851,0.0626,12,1,0.0,0.65,0,synthetic-v1,organic
txn_0000257,mch_0021,cust_00070,dev_cust_00070_79,8134.8,INR,upi,2026-01-18T06:29:35.893261+00:00,electronics,464,52.71,0,0,0,0.0,3893.99,1.0888,0,3,0,0.0,0.3497,0.0875,6,1,0.0,0.6333,0,synthetic-v1,organic
txn_0000258,mch_0001,cust_00069,dev_cust_00069_258,8569.09,INR,wallet,2026-01-18T14:55:51.622047+00:00,travel,833,0.0,1,0,0,0.0,8569.09,0.0,0,0,0,0.0,0.251,0.012,14,1,0.0,0.65,1,synthetic-v1,organic
txn_0000259,mch_0006,cust_00018,dev_cust_00018_82,2188.63,INR,upi,2026-01-18T16:20:56.489386+00:00,fashion,818,52.95,0,0,0,0.0,5507.71,-0.6025,0,4,0,0.0,0.1723,0.1078,16,1,0.0,0.8,0,synthetic-v1,organic
txn_0000260,mch_0004,cust_00032,dev_cust_00032_260,548.99,INR,upi,2026-01-18T16:31:10.697339+00:00,digital_goods,238,0.0,1,0,0,0.0,548.99,0.0,0,0,0,0.0,0.1552,0.0696,16,1,0.0,0.65,0,synthetic-v1,organic
txn_0000261,mch_0008,cust_00029,dev_cust_00029_107,569.89,INR,upi,2026-01-19T10:02:38.180607+00:00,ecommerce,1118,45.59,0,0,0,0.0,3156.89,-0.8192,0,5,0,0.0,0.1546,0.0677,10,0,0.0,0.7,0,synthetic-v1,organic
txn_0000262,mch_0002,cust_00028,dev_cust_00028_64,887.82,INR,card,2026-01-19T21:50:10.110453+00:00,food,1264,60.21,0,0,0,0.0,3210.03,-0.7232,0,4,0,0.0,0.2165,0.1378,21,0,0.0,0.8,0,synthetic-v1,organic
txn_0000263,mch_0006,cust_00014,dev_cust_00014_44,980.57,INR,wallet,2026-01-20T23:22:55.917401+00:00,fashion,770,67.83,0,0,0,0.0,5372.68,-0.8173,0,2,0,0.0,0.0137,0.2297,23,0,0.0,0.55,0,synthetic-v1,organic
txn_0000264,mch_0008,cust_00018,dev_cust_00018_264,1597.15,INR,upi,2026-01-21T01:16:43.332124+00:00,ecommerce,821,0.0,1,0,0,0.0,4843.9,-0.6701,0,5,0,0.0,0.1723,0.1078,1,0,0.0,0.8,0,synthetic-v1,organic
txn_0000265,mch_0018,cust_00057,dev_cust_00057_265,609.84,INR,upi,2026-01-21T02:09:18.330524+00:00,food,983,0.0,1,0,0,0.0,609.84,0.0,0,0,0,0.0,0.0133,0.0581,2,0,0.0,0.65,0,synthetic-v1,organic
txn_0000266,mch_0001,cust_00041,dev_cust_00041_90,10123.82,INR,upi,2026-01-21T07:01:19.019253+00:00,travel,1168,53.28,0,0,0,0.0,1903.72,4.3157,1,3,0,0.0,0.0379,0.2751,7,0,0.0,0.8,0,synthetic-v1,organic
txn_0000267,mch_0007,cust_00081,dev_cust_00081_88,8749.8,INR,upi,2026-01-21T08:42:50.306929+00:00,education,972,53.63,0,0,0,0.0,3862.62,1.2649,0,1,0,0.0,0.0681,0.153,8,0,0.0,0.8,1,synthetic-v1,organic
txn_0000268,mch_0012,cust_00049,dev_cust_00049_127,990.21,INR,card,2026-01-21T15:29:50.570051+00:00,digital_goods,131,41.48,0,0,0,0.0,680.35,0.4548,1,2,0,0.0,0.1385,0.0938,15,0,0.0,0.8,0,synthetic-v1,organic
txn_0000269,mch_0007,cust_00069,dev_cust_00069_269,1425.09,INR,card,2026-01-21T19:01:03.320498+00:00,education,836,0.0,1,0,0,0.0,8569.09,-0.8336,0,1,0,0.0,0.251,0.012,19,0,0.0,0.3,1,synthetic-v1,organic
txn_0000270,mch_0004,cust_00095,dev_cust_00095_72,2157.26,INR,upi,2026-01-22T06:36:24.299755+00:00,digital_goods,1140,58.94,0,0,0,0.0,7982.32,-0.7297,0,4,0,0.0,0.1796,0.3193,6,0,0.0,0.675,0,synthetic-v1,organic
txn_0000271,mch_0010,cust_00037,dev_cust_00037_33,1976.61,INR,netbanking,2026-01-22T10:32:56.982392+00:00,food,544,72.62,0,0,0,0.0,2791.57,-0.2918,0,4,0,0.0,0.0571,0.2659,10,0,0.0,0.8,0,synthetic-v1,organic
txn_0000272,mch_0005,cust_00039,dev_cust_00039_67,4592.49,INR,netbanking,2026-01-22T14:37:39.499311+00:00,electronics,507,61.34,0,0,0,0.0,615.64,6.4492,0,1,2,0.0,0.01,0.2725,14,0,0.0,0.6,0,synthetic-v1,organic
txn_0000273,mch_0011,cust_00038,dev_cust_00038_111,1688.21,INR,card,2026-01-23T02:08:58.561271+00:00,utilities,718,48.0,0,0,0,0.0,3629.43,-0.5347,0,6,0,0.0,0.0732,0.1614,2,0,0.0,0.6333,0,synthetic-v1,organic
txn_0000274,mch_0021,cust_00071,dev_cust_00071_171,5070.71,INR,card,2026-01-23T04:13:08.298663+00:00,electronics,234,29.98,0,0,0,0.0,4516.75,0.1226,0,2,0,0.0,0.077,0.0722,4,0,0.0,0.55,0,synthetic-v1,organic
txn_0000275,mch_0008,cust_00060,dev_cust_00060_97,1865.26,INR,upi,2026-01-23T06:38:47.777835+00:00,ecommerce,1172,53.32,0,0,0,0.0,2301.46,-0.1894,0,6,3,0.0,0.4,0.4,6,0,0.0,0.5,0,synthetic-v1,organic
txn_0000276,mch_0009,cust_00055,dev_cust_00055_227,4630.06,INR,upi,2026-01-23T16:01:21.884208+00:00,travel,659,15.21,0,0,0,0.0,3239.7,0.429,0,1,2,0.0,0.0943,0.0874,16,0,0.0,0.6,0,synthetic-v1,organic
txn_0000277,mch_0007,cust_00100,dev_cust_00100_121,2278.1,INR,netbanking,2026-01-23T17:06:10.932113+00:00,education,660,44.8,0,0,0,0.0,5951.12,-0.6171,0,1,0,0.0,0.061,0.0606,17,0,0.0,0.8,1,synthetic-v1,organic
txn_0000278,mch_0021,cust_00064,dev_cust_00064_84,4920.26,INR,upi,2026-01-24T00:52:32.557200+00:00,electronics,881,57.27,0,0,0,0.0,2311.09,1.1285,0,1,0,0.0,0.1269,0.1953,0,1,0.0,0.3,1,synthetic-v1,organic
txn_0000279,mch_0018,cust_00071,dev_cust_00071_279,369.21,INR,upi,2026-01-24T05:16:32.044289+00:00,food,235,0.0,1,0,0,0.0,4701.4,-0.9213,0,3,0,0.0,0.077,0.0722,5,1,0.0,0.6333,0,synthetic-v1,organic
txn_0000280,mch_0021,cust_00054,dev_cust_00054_280,29201.64,INR,card,2026-01-24T06:47:30.587085+00:00,electronics,144,0.0,1,0,0,0.0,1189.88,23.522,0,3,0,0.0,0.0547,0.041,6,1,0.0,0.8,0,synthetic-v1,new_device_amount
txn_0000281,mch_0009,cust_00032,dev_cust_00032_260,4822.95,INR,upi,2026-01-24T19:31:29.433436+00:00,travel,244,6.13,0,0,0,0.0,548.99,7.771,0,1,0,0.0,0.1552,0.0696,19,1,0.0,0.8,0,synthetic-v1,organic
txn_0000282,mch_0009,cust_00033,dev_cust_00033_50,4952.19,INR,upi,2026-01-25T05:04:41.697456+00:00,travel,1375,70.39,0,0,0,0.0,1918.6,1.5803,0,2,0,0.0,0.1677,0.1033,5,1,0.0,0.8,0,synthetic-v1,organic
txn_0000283,mch_0007,cust_00094,dev_cust_00094_188,2577.99,INR,upi,2026-01-25T11:44:44.564767+00:00,education,323,28.61,0,0,0,0.0,3279.12,-0.2138,0,2,0,0.0,0.118,0.1548,11,1,0.0,0.8,0,synthetic-v1,organic
txn_0000284,mch_0011,cust_00035,dev_cust_00035_169,1677.98,INR,upi,2026-01-25T16:11:04.303200+00:00,utilities,1125,32.71,0,0,0,0.0,1112.7,0.5076,0,1,0,0.0,0.2071,0.0372,16,1,0.0,0.8,0,synthetic-v1,organic
txn_0000285,mch_0002,cust_00012,dev_cust_00012_21,921.19,INR,wallet,2026-01-25T19:34:42.489213+00:00,food,1154,78.3,0,0,0,0.0,6543.26,-0.8591,0,3,0,0.0,0.0241,0.0402,19,1,0.0,0.6333,0,synthetic-v1,organic
txn_0000286,mch_0013,cust_00077,dev_cust_00077_286,16957.08,INR,card,2026-01-25T20:51:07.585774+00:00,electronics,844,0.0,1,0,0,0.0,4187.29,3.0489,0,4,0,0.0,0.0733,0.0257,20,1,0.0,0.8,0,synthetic-v1,organic
txn_0000287,mch_0003,cust_00109,dev_cust_00109_287,18802.62,INR,card,2026-01-25T22:11:39.521402+00:00,utilities,862,0.0,1,0,0,0.0,18802.62,0.0,0,0,0,0.0,0.01,0.0627,22,1,0.0,0.65,0,synthetic-v1,new_device_amount
txn_0000288,mch_0014,cust_00119,dev_cust_00119_13,1221.19,INR,card,2026-01-26T01:29:49.510026+00:00,fashion,413,80.56,0,0,0,0.0,3251.37,-0.6242,0,9,0,0.0,0.1969,0.0453,1,0,0.0,0.6889,0,synthetic-v1,organic
txn_0000289,mch_0004,cust_00038,dev_cust_00038_111,622.84,INR,upi,2026-01-26T12:37:40.205350+00:00,digital_goods,721,51.43,0,0,0,0.0,3352.12,-0.814,0,7,0,0.0,0.0732,0.1614,12,0,0.0,0.6571,0,synthetic-v1,organic
txn_0000290,mch_0011,cust_00074,dev_cust_00074_15,3250.89,INR,upi,2026-01-26T15:47:31.323335+00:00,utilities,551,80.69,0,0,0,0.0,3203.79,0.0147,0,2,0,0.0,0.0258,0.1133,15,0,0.0,0.8,1,synthetic-v1,organic
txn_0000291,mch_0023,cust_00077,dev_cust_00077_286,1670.37,INR,upi,2026-01-27T01:19:25.109399+00:00,education,846,1.19,0,7,7,5846.29,6741.25,-0.7521,0,5,0,0.0,0.0733,0.0257,1,0,3.7917,0.8,1,synthetic-v1,high_velocity
txn_0000292,mch_0006,cust_00114,dev_cust_00114_292,2036.83,INR,upi,2026-01-27T03:19:52.304833+00:00,fashion,644,0.0,1,0,0,0.0,2036.83,0.0,0,0,0,0.0,0.4,0.2954,3,0,0.0,0.65,1,synthetic-v1,organic
txn_0000293,mch_0009,cust_00074,dev_cust_00074_15,7865.84,INR,card,2026-01-27T05:06:05.811327+00:00,travel,552,81.25,0,0,1,3250.89,3219.49,1.4427,0,3,0,0.0,0.0258,0.1133,5,0,0.0417,0.6333,0,synthetic-v1,organic
txn_0000294,mch_0005,cust_00043,dev_cust_00043_294,6690.92,INR,upi,2026-01-28T12:55:13.313360+00:00,electronics,355,0.0,1,0,0,0.0,6690.92,0.0,0,0,0,0.0,0.0823,0.0718,12,0,0.0,0.65,0,synthetic-v1,organic
txn_0000295,mch_0003,cust_00072,dev_cust_00072_12,3280.79,INR,wallet,2026-01-28T22:27:31.401783+00:00,utilities,897,83.61,0,0,0,0.0,7241.84,-0.5469,0,6,0,0.0,0.1244,0.3808,22,0,0.0,0.6333,0,synthetic-v1,organic
txn_0000296,mch_0022,cust_00094,dev_cust_00094_188,1313.61,INR,upi,2026-01-29T01:23:54.034460+00:00,fashion,327,32.18,0,0,0,0.0,3045.41,-0.5685,0,3,0,0.0,0.118,0.1548,1,0,0.0,0.8,0,synthetic-v1,organic
txn_0000297,mch_0006,cust_00068,dev_cust_00068_161,1431.82,INR,netbanking,2026-01-29T01:31:29.785981+00:00,fashion,434,37.7,0,0,0,0.0,3553.66,-0.5969,0,2,2,0.0,0.0184,0.0391,1,0,0.0,0.6,0,synthetic-v1,organic
txn_0000298,mch_0010,cust_00071,dev_cust_00071_279,320.94,INR,upi,2026-01-29T11:04:13.369488+00:00,food,240,5.24,0,0,0,0.0,3618.35,-0.9111,0,4,0,0.0,0.077,0.0722,11,0,0.0,0.675,0,synthetic-v1,organic
txn_0000299,mch_0022,cust_00052,dev_cust_00052_85,1941.17,INR,upi,2026-01-30T02:37:45.240122+00:00,fashion,1271,63.22,0,0,0,0.0,3310.1,-0.4134,0,2,0,0.0,0.1619,0.0814,2,0,0.0,0.8,0,synthetic-v1,organic
txn_0000300,mch_0016,cust_00110,dev_cust_00110_235,2003.94,INR,upi,2026-01-30T08:27:08.882079+00:00,ecommerce,1130,19.32,0,0,0,0.0,2414.45,-0.17,0,3,0,0.0,0.1102,0.2054,8,0,0.0,0.6333,0,synthetic-v1,organic
txn_0000301,mch_0019,cust_00098,dev_cust_00098_205,8714.75,INR,netbanking,2026-01-30T11:19:50.267012+00:00,utilities,567,28.5,0,0,0,0.0,2591.79,2.3615,0,1,0,0.0,0.0832,0.1865,11,0,0.0,0.8,0,synthetic-v1,large_amount
txn_0000302,mch_0020,cust_00106,dev_cust_00106_187,1335.9,INR,netbanking,2026-01-30T15:07:05.811999+00:00,digital_goods,1479,33.78,0,0,0,0.0,1063.78,0.2556,0,1,0,0.0,0.3576,0.0158,15,0,0.0,0.8,0,synthetic-v1,organic
txn_0000303,mch_0012,cust_00016,dev_cust_00016_303,7091.38,INR,upi,2026-01-30T20:32:53.889727+00:00,digital_goods,1173,0.0,1,0,0,0.0,2608.21,1.7182,0,3,0,0.0,0.1182,0.0917,20,0,0.0,0.6333,1,synthetic-v1,legit_high_value
txn_0000304,mch_0012,cust_00117,dev_cust_00117_167,5198.56,INR,upi,2026-01-31T06:46:27.955763+00:00,digital_goods,393,38.82,0,0,0,0.0,2740.33,0.8967,0,2,0,0.0,0.157,0.1898,6,1,0.0,0.8,1,synthetic-v1,organic
txn_0000305,mch_0006,cust_00110,dev_cust_00110_235,3289.49,INR,netbanking,2026-01-31T09:01:16.187961+00:00,fashion,1131,20.34,0,0,0,0.0,2311.82,0.4227,0,4,0,0.0,0.1102,0.2054,9,1,0.0,0.675,0,synthetic-v1,organic
txn_0000306,mch_0010,cust_00087,dev_cust_00087_140,543.8,INR,upi,2026-01-31T12:53:07.187391+00:00,food,1116,48.19,0,0,0,0.0,1331.44,-0.5911,0,5,0,0.0,0.1485,0.0439,12,1,0.0,0.5,0,synthetic-v1,organic
txn_0000307,mch_0000,cust_00027,dev_cust_00027_63,937.54,INR,upi,2026-01-31T19:28:03.672987+00:00,ecommerce,1267,72.43,0,0,0,0.0,1512.84,-0.38,0,4,0,0.0,0.0944,0.0689,19,1,0.0,0.8,0,synthetic-v1,organic
txn_0000308,mch_0003,cust_00015,dev_cust_00015_41,1179.85,INR,upi,2026-01-31T22:55:35.771338+00:00,utilities,1407,79.68,0,0,0,0.0,5254.52,-0.7753,0,5,0,0.0,0.0638,0.0378,22,1,0.0,0.7,0,synthetic-v1,organic
txn_0000309,mch_0010,cust_00037,dev_cust_00037_33,7917.15,INR,card,2026-02-01T01:59:14.932154+00:00,food,554,82.27,0,0,0,0.0,2628.58,2.0112,0,5,0,0.0,0.0571,0.2659,1,1,0.0,0.8,0,synthetic-v1,legit_high_value
txn_0000310,mch_0004,cust_00038,dev_cust_00038_111,1024.35,INR,card,2026-02-01T02:15:26.507815+00:00,digital_goods,727,57.0,0,0,0,0.0,3010.96,-0.6596,0,8,0,0.0,0.0732,0.1614,2,1,0.0,0.675,0,synthetic-v1,organic
txn_0000311,mch_0000,cust_00081,dev_cust_00081_88,5466.4,INR,upi,2026-02-01T08:14:16.300370+00:00,ecommerce,983,64.61,0,0,0,0.0,6306.21,-0.1332,1,2,0,0.0,0.0681,0.153,8,1,0.0,0.55,0,synthetic-v1,organic
txn_0000312,mch_0022,cust_00071,dev_cust_00071_279,1038.37,INR,upi,2026-02-01T17:11:34.603604+00:00,fashion,243,8.5,0,0,0,0.0,2958.87,-0.6488,0,5,0,0.0,0.077,0.0722,17,1,0.0,0.7,0,synthetic-v1,organic
txn_0000313,mch_0000,cust_00077,dev_cust_00077_286,2145.64,INR,upi,2026-02-02T08:51:54.382361+00:00,ecommerce,852,7.5,0,0,0,0.0,5896.1,-0.636,0,6,0,0.0,0.0733,0.0257,8,0,0.0,0.7167,0,synthetic-v1,organic
txn_0000314,mch_0003,cust_00112,dev_cust_00112_225,390.49,INR,card,2026-02-02T11:17:15.816517+00:00,utilities,1321,25.54,0,0,0,0.0,3295.99,-0.8813,0,4,0,0.0,0.0657,0.1437,11,0,0.0,0.675,0,synthetic-v1,organic
txn_0000315,mch_0002,cust_00048,dev_cust_00048_315,563.7,INR,card,2026-02-02T12:43:43.708518+00:00,food,1359,0.0,1,0,0,0.0,563.7,0.0,0,0,0,0.0,0.4,0.3058,12,0,0.0,0.65,0,synthetic-v1,organic
txn_0000316,mch_0013,cust_00100,dev_cust_00100_121,4879.38,INR,upi,2026-02-02T18:23:53.160671+00:00,electronics,670,54.85,0,0,0,0.0,4114.61,0.1858,0,2,0,0.0,0.061,0.0606,18,0,0.0,0.55,0,synthetic-v1,organic
txn_0000317,mch_0022,cust_00002,dev_cust_00002_256,1403.69,INR,card,2026-02-03T05:07:18.714754+00:00,fashion,1083,16.68,0,0,0,0.0,6428.99,-0.7815,0,1,0,0.0,0.0851,0.0626,5,0,0.0,0.8,0,synthetic-v1,organic
txn_0000318,mch_0000,cust_00016,dev_cust_00016_318,2681.91,INR,upi,2026-02-03T06:40:40.435487+00:00,ecommerce,1177,0.0,1,0,0,0.0,3729.0,-0.2807,4,4,0,3274.8,0.3682,0.3417,6,0,0.0,0.55,0,synthetic-v1,combined_weak_signals
txn_0000319,mch_0009,cust_00026,dev_cust_00026_27,4775.27,INR,upi,2026-02-03T12:02:26.260732+00:00,travel,933,85.63,0,0,0,0.0,5356.18,-0.1084,0,2,0,0.0,0.2098,0.0473,12,0,0.0,0.8,0,synthetic-v1,organic
txn_0000320,mch_0003,cust_00073,dev_cust_00073_70,767.63,INR,upi,2026-02-03T12:06:06.150564+00:00,utilities,994,71.51,0,0,0,0.0,1929.29,-0.6018,0,3,0,0.0,0.2195,0.013,12,0,0.0,0.6333,0,synthetic-v1,organic
txn_0000321,mch_0000,cust_00005,dev_cust_00005_135,838.59,INR,card,2026-02-04T01:57:17.664482+00:00,ecommerce,1084,53.83,0,0,0,0.0,1895.26,-0.5572,0,4,0,0.0,0.2188,0.0986,1,0,0.0,0.8,1,synthetic-v1,organic
txn_0000322,mch_0006,cust_00111,dev_cust_00111_144,1142.51,INR,card,2026-02-04T06:56:13.314809+00:00,fashion,376,49.94,0,0,0,0.0,3648.48,-0.6867,0,1,0,0.0,0.0241,0.0236,6,0,0.0,0.8,1,synthetic-v1,organic
txn_0000323,mch_0023,cust_00071,dev_cust_00071_279,8350.93,INR,netbanking,2026-02-04T07:43:32.204244+00:00,education,246,11.1,0,0,0,0.0,2638.79,2.1639,0,6,0,0.0,0.077,0.0722,7,0,0.0,0.7167,0,synthetic-v1,organic
txn_0000324,mch_0013,cust_00114,dev_cust_00114_292,2148.13,INR,netbanking,2026-02-04T21:27:41.741071+00:00,electronics,652,8.76,0,0,0,0.0,2036.83,0.0546,0,1,0,0.0,0.4,0.2954,21,0,0.0,0.3,0,synthetic-v1,organic
txn_0000325,mch_0012,cust_00061,dev_cust_00061_1,631.88,INR,wallet,2026-02-05T09:40:34.888064+00:00,digital_goods,675,95.2,0,0,0,0.0,1845.29,-0.6572,1,15,0,0.0,0.1286,0.0282,9,0,0.0,0.7,1,synthetic-v1,organic
txn_0000326,mch_0013,cust_00111,dev_cust_00111_144,3428.5,INR,upi,2026-02-05T15:45:46.128516+00:00,electronics,377,51.31,0,6,6,10285.5,2395.49,0.431,0,2,0,0.0,0.0241,0.0236,15,0,3.25,0.55,0,synthetic-v1,short_time_burst
txn_0000327,mch_0005,cust_00087,dev_cust_00087_140,11188.53,INR,card,2026-02-05T17:47:37.019041+00:00,electronics,1121,53.4,0,0,0,0.0,1200.17,8.3156,0,6,0,0.0,0.1485,0.0439,17,0,0.0,0.55,1,synthetic-v1,organic
txn_0000328,mch_0022,cust_00024,dev_cust_00024_56,2581.96,INR,upi,2026-02-05T18:30:02.063168+00:00,fashion,389,79.29,0,0,0,0.0,4046.54,-0.3618,0,11,0,0.0,0.0245,0.2065,18,0,0.0,0.8,0,synthetic-v1,organic
txn_0000329,mch_0023,cust_00075,dev_cust_00075_213,1288.07,INR,card,2026-02-06T08:36:07.993469+00:00,education,918,32.77,0,0,0,0.0,2463.56,-0.477,0,1,0,0.0,0.0448,0.154,8,0,0.0,0.8,0,synthetic-v1,organic
txn_0000330,mch_0001,cust_00003,dev_cust_00003_8,4283.47,INR,upi,2026-02-06T10:35:38.310508+00:00,travel,612,93.21,0,0,0,0.0,1696.87,1.5234,0,2,0,0.0,0.0382,0.1743,10,0,0.0,0.8,0,synthetic-v1,organic
txn_0000331,mch_0023,cust_00003,dev_cust_00003_8,2243.61,INR,wallet,2026-02-06T13:22:12.189748+00:00,education,612,93.32,0,0,1,4283.47,2559.07,-0.1232,1,3,0,0.0,0.0382,0.1743,13,0,0.0417,0.8,0,synthetic-v1,organic
txn_0000332,mch_0006,cust_00016,dev_cust_00016_318,2465.64,INR,upi,2026-02-06T19:10:18.363329+00:00,fashion,1180,3.52,0,0,0,0.0,3519.58,-0.2994,0,5,0,0.0,0.1182,0.0917,19,0,0.0,0.6,0,synthetic-v1,organic
txn_0000333,mch_0021,cust_00041,dev_cust_00041_90,8704.73,INR,card,2026-02-06T19:16:51.630019+00:00,electronics,1184,69.79,0,0,0,0.0,3958.74,1.1986,1,4,0,0.0,0.0379,0.2751,19,0,0.0,0.8,0,synthetic-v1,organic
txn_0000334,mch_0000,cust_00083,dev_cust_00083_173,1278.93,INR,card,2026-02-07T01:29:35.944283+00:00,ecommerce,782,44.58,0,0,0,0.0,4776.06,-0.7321,0,2,0,0.0,0.3038,0.0573,1,1,0.0,0.8,0,synthetic-v1,organic
txn_0000335,mch_0018,cust_00086,dev_cust_00086_335,1784.51,INR,upi,2026-02-07T06:16:08.231936+00:00,food,545,0.0,1,0,0,0.0,1784.51,0.0,0,0,0,0.0,0.18,0.0167,6,1,0.0,0.65,0,synthetic-v1,organic
txn_0000336,mch_0020,cust_00111,dev_cust_00111_144,280.16,INR,wallet,2026-02-07T17:06:11.173535+00:00,digital_goods,379,53.37,0,0,0,0.0,2739.83,-0.8974,0,3,0,0.0,0.0241,0.0236,17,1,0.0,0.6333,0,synthetic-v1,organic
txn_0000337,mch_0022,cust_00075,dev_cust_00075_213,1560.41,INR,upi,2026-02-07T21:19:03.151164+00:00,fashion,919,34.3,0,0,0,0.0,1875.82,-0.1681,0,2,0,0.0,0.573,0.6212,21,1,0.0,0.8,1,synthetic-v1,suspicious_ip_country
txn_0000338,mch_0022,cust_00014,dev_cust_00014_44,2240.96,INR,upi,2026-02-09T08:43:56.282556+00:00,fashion,790,87.21,0,0,0,0.0,3908.64,-0.4266,0,3,0,0.0,0.0137,0.2297,8,0,0.0,0.6333,0,synthetic-v1,organic
txn_0000339,mch_0000,cust_00016,dev_cust_00016_318,2469.24,INR,upi,2026-02-09T09:10:41.174498+00:00,ecommerce,1183,6.1,0,0,0,0.0,3343.92,-0.2615,0,6,0,0.0,0.1182,0.0917,9,0,0.0,0.6333,0,synthetic-v1,organic
txn_0000340,mch_0002,cust_00003,dev_cust_00003_8,830.59,INR,card,2026-02-09T13:24:32.360346+00:00,food,615,96.32,0,0,0,0.0,2480.2,-0.6648,0,4,0,0.0,0.0382,0.1743,13,0,0.0,0.8,0,synthetic-v1,organic
txn_0000341,mch_0007,cust_00100,dev_cust_00100_121,2713.49,INR,upi,2026-02-09T17:54:07.837075+00:00,education,677,61.83,0,0,0,0.0,4369.53,-0.3789,0,3,0,0.0,0.061,0.0606,17,0,0.0,0.6333,0,synthetic-v1,organic
txn_0000342,mch_0010,cust_00029,dev_cust_00029_107,801.53,INR,card,2026-02-09T20:10:15.972380+00:00,food,1139,67.01,0,0,0,0.0,2725.72,-0.7057,0,6,0,0.0,0.1546,0.0677,20,0,0.0,0.7167,0,synthetic-v1,organic
txn_0000343,mch_0012,cust_00109,dev_cust_00109_287,1386.9,INR,card,2026-02-10T01:33:04.487839+00:00,digital_goods,878,15.14,0,0,0,0.0,18802.62,-0.9262,0,1,0,0.0,0.01,0.0627,1,0,0.0,0.8,0,synthetic-v1,organic
txn_0000344,mch_0004,cust_00028,dev_cust_00028_64,447.59,INR,card,2026-02-10T10:26:54.268180+00:00,digital_goods,1286,81.74,0,0,0,0.0,2745.59,-0.8367,1,5,0,0.0,0.9009,0.5919,10,0,0.0,0.8,1,synthetic-v1,suspicious_ip_country
txn_0000345,mch_0011,cust_00097,dev_cust_00097_345,1413.82,INR,upi,2026-02-11T05:31:04.034833+00:00,utilities,1347,0.0,1,0,0,0.0,1413.82,0.0,0,0,0,0.0,0.0709,0.0196,5,0,0.0,0.65,0,synthetic-v1,organic
txn_0000346,mch_0018,cust_00020,dev_cust_00020_346,976.47,INR,upi,2026-02-11T18:16:11.734518+00:00,food,151,0.0,1,0,0,0.0,976.47,0.0,0,0,0,0.0,0.3004,0.0518,18,0,0.0,0.65,0,synthetic-v1,organic
txn_0000347,mch_0002,cust_00010,dev_cust_00010_4,972.75,INR,upi,2026-02-11T19:13:46.113918+00:00,food,995,100.74,0,0,0,0.0,1143.66,-0.1493,0,3,0,0.0,0.1766,0.0319,19,0,0.0,0.8,0,synthetic-v1,organic
txn_0000348,mch_0012,cust_00118,dev_cust_00118_222,1333.86,INR,card,2026-02-11T23:46:09.706589+00:00,digital_goods,1299,35.6,0,0,0,0.0,7409.29,-0.8199,0,1,0,0.0,0.1377,0.0669,23,0,0.0,0.8,1,synthetic-v1,organic
txn_0000349,mch_0012,cust_00093,dev_cust_00093_349,1108.39,INR,upi,2026-02-12T01:45:29.630131+00:00,digital_goods,727,0.0,1,0,0,0.0,1108.39,0.0,0,0,0,0.0,0.0652,0.225,1,0,0.0,0.65,0,synthetic-v1,organic
txn_0000350,mch_0005,cust_00038,dev_cust_00038_111,2557.35,INR,upi,2026-02-12T02:44:32.737582+00:00,electronics,738,68.02,0,0,0,0.0,2790.22,-0.0834,0,9,0,0.0,0.0732,0.1614,2,0,0.0,0.6889,1,synthetic-v1,organic
txn_0000351,mch_0012,cust_00073,dev_cust_00073_70,1362.88,INR,card,2026-02-12T04:28:35.692019+00:00,digital_goods,1003,80.19,0,0,0,0.0,1638.88,-0.1683,0,4,0,0.0,0.2195,0.013,4,0,0.0,0.675,0,synthetic-v1,organic
txn_0000352,mch_0001,cust_00032,dev_cust_00032_260,10184.58,INR,card,2026-02-12T07:00:07.395092+00:00,travel,263,24.6,0,0,0,0.0,2685.97,2.7907,0,2,2,0.0,0.1552,0.0696,7,0,0.0,0.6,0,synthetic-v1,prior_chargebacks
txn_0000353,mch_0020,cust_00074,dev_cust_00074_15,555.69,INR,upi,2026-02-12T07:27:14.938935+00:00,digital_goods,568,97.34,0,0,0,0.0,4381.08,-0.873,0,4,0,0.0,0.0258,0.1133,7,0,0.0,0.675,1,synthetic-v1,organic
txn_0000354,mch_0023,cust_00048,dev_cust_00048_315,2224.56,INR,wallet,2026-02-12T18:21:58.089488+00:00,education,1369,10.23,0,0,0,0.0,563.7,2.9411,0,1,0,0.0,0.4,0.3058,18,0,0.0,0.8,0,synthetic-v1,organic
txn_0000355,mch_0006,cust_00016,dev_cust_00016_318,1625.94,INR,upi,2026-02-12T18:33:19.748976+00:00,fashion,1186,9.49,0,0,0,0.0,3218.97,-0.4947,0,7,0,0.0,0.1182,0.0917,18,0,0.0,0.6571,0,synthetic-v1,organic
txn_0000356,mch_0021,cust_00074,dev_cust_00074_15,9608.73,INR,card,2026-02-13T02:21:08.254939+00:00,electronics,569,98.13,0,0,1,555.69,3616.0,1.6568,0,5,0,0.0,0.0258,0.1133,2,0,0.0417,0.6,0,synthetic-v1,organic
txn_0000357,mch_0012,cust_00004,dev_cust_00004_14,760.19,INR,upi,2026-02-13T09:07:14.428347+00:00,digital_goods,996,98.88,0,0,0,0.0,3899.06,-0.8048,0,2,0,0.0,0.1261,0.1217,9,0,0.0,0.8,0,synthetic-v1,organic
txn_0000358,mch_0009,cust_00045,dev_cust_00045_358,14482.75,INR,card,2026-02-13T13:47:53.094161+00:00,travel,514,0.0,1,0,0,0.0,14482.75,0.0,0,0,0,0.0,0.0702,0.207,13,0,0.0,0.65,0,synthetic-v1,organic
txn_0000359,mch_0003,cust_00043,dev_cust_00043_294,2814.25,INR,netbanking,2026-02-13T18:10:38.042258+00:00,utilities,371,16.22,0,0,0,0.0,6690.92,-0.5793,0,1,0,0.0,0.0823,0.0718,18,0,0.0,0.8,0,synthetic-v1,organic
txn_0000360,mch_0002,cust_00043,dev_cust_00043_294,1447.74,INR,wallet,2026-02-14T05:21:26.561327+00:00,food,372,16.68,0,0,1,2814.25,4752.58,-0.6952,0,2,3,0.0,0.0823,0.0718,5,1,0.0417,0.5,1,synthetic-v1,prior_chargebacks
txn_0000361,mch_0006,cust_00010,dev_cust_00010_4,1688.94,INR,card,2026-02-14T15:19:55.798306+00:00,fashion,998,103.58,0,0,0,0.0,1100.93,0.5336,5,4,0,0.0,0.1766,0.0319,15,1,0.0,0.8,1,synthetic-v1,failed_attempts_burst
txn_0000362,mch_0019,cust_00024,dev_cust_00024_56,2459.94,INR,card,2026-02-15T11:46:01.802355+00:00,utilities,399,89.01,0,0,0,0.0,3924.5,-0.3731,0,12,0,0.0,0.0245,0.2065,11,1,0.0,0.8,0,synthetic-v1,organic
txn_0000363,mch_0008,cust_00056,dev_cust_00056_39,4007.51,INR,upi,2026-02-15T11:54:35.818836+00:00,ecommerce,516,95.01,0,0,0,0.0,5451.42,-0.2648,0,1,0,0.0,0.0168,0.0281,11,1,0.0,0.8,0,synthetic-v1,organic
txn_0000364,mch_0021,cust_00024,dev_cust_00024_56,5497.34,INR,upi,2026-02-15T21:00:13.640661+00:00,electronics,399,89.39,0,0,1,2459.94,3811.84,0.4421,0,13,0,0.0,0.0245,0.2065,21,1,0.0417,0.8,0,synthetic-v1,organic
txn_0000365,mch_0008,cust_00048,dev_cust_00048_315,4145.98,INR,netbanking,2026-02-16T15:08:22.954888+00:00,ecommerce,1373,14.1,0,0,0,0.0,1394.13,1.9725,0,2,0,0.0,0.4,0.3058,15,0,0.0,0.8,1,synthetic-v1,large_amount
txn_0000366,mch_0001,cust_00080,dev_cust_00080_16,6548.34,INR,upi,2026-02-16T20:47:46.112817+00:00,travel,780,101.71,0,0,0,0.0,1855.02,2.5287,0,5,0,0.0,0.2237,0.0487,20,0,0.0,0.7,0,synthetic-v1,organic
txn_0000367,mch_0017,cust_00063,dev_cust_00063_191,13447.17,INR,card,2026-02-16T21:26:56.339758+00:00,travel,1503,49.74,0,0,0,0.0,574.2,22.3801,0,1,0,0.0,0.0445,0.3634,21,0,0.0,0.8,0,synthetic-v1,organic
txn_0000368,mch_0013,cust_00087,dev_cust_00087_140,3698.46,INR,upi,2026-02-17T04:58:19.356877+00:00,electronics,1133,64.86,0,0,0,0.0,2627.07,0.4077,0,7,0,0.0,0.1485,0.0439,4,0,0.0,0.5143,0,synthetic-v1,organic
txn_0000369,mch_0001,cust_00105,dev_cust_00105_110,7847.89,INR,card,2026-02-17T15:27:23.819515+00:00,travel,139,73.82,0,0,0,0.0,3145.72,1.4943,0,5,0,0.0,0.1973,0.2277,15,0,0.0,0.8,0,synthetic-v1,organic
txn_0000370,mch_0016,cust_00098,dev_cust_00098_205,1166.94,INR,upi,2026-02-18T02:48:10.261522+00:00,ecommerce,586,47.15,0,0,0,0.0,5653.27,-0.7934,0,2,0,0.0,0.0832,0.1865,2,0,0.0,0.8,0,synthetic-v1,organic
txn_0000371,mch_0014,cust_00069,dev_cust_00069_269,1360.28,INR,upi,2026-02-19T02:07:34.603765+00:00,fashion,865,28.3,0,7,7,4760.98,4997.09,-0.7276,0,2,0,0.0,0.251,0.012,2,0,3.7917,0.3,1,synthetic-v1,high_velocity
txn_0000372,mch_0002,cust_00030,dev_cust_00030_372,348.99,INR,upi,2026-02-19T18:45:02.585741+00:00,food,588,0.0,1,0,0,0.0,348.99,0.0,1,0,0,0.0,0.1842,0.0866,18,0,0.0,0.65,0,synthetic-v1,organic
txn_0000373,mch_0010,cust_00105,dev_cust_00105_110,930.86,INR,upi,2026-02-19T20:33:46.891200+00:00,food,141,76.03,0,0,0,0.0,3929.41,-0.7629,0,6,0,0.0,0.1973,0.2277,20,0,0.0,0.8,0,synthetic-v1,organic
txn_0000374,mch_0016,cust_00104,dev_cust_00104_374,1028.7,INR,upi,2026-02-20T09:34:33.354657+00:00,ecommerce,1509,0.0,1,0,0,0.0,1028.7,0.0,0,0,0,0.0,0.0488,0.0178,9,0,0.0,0.65,0,synthetic-v1,organic
txn_0000375,mch_0001,cust_00064,dev_cust_00064_84,3837.06,INR,upi,2026-02-20T11:03:02.084348+00:00,travel,908,84.69,0,0,0,0.0,3615.67,0.0612,0,2,0,0.0,0.1269,0.1953,11,0,0.0,0.3,0,synthetic-v1,organic
txn_0000376,mch_0023,cust_00045,dev_cust_00045_358,5331.79,INR,upi,2026-02-20T14:24:25.805876+00:00,education,521,7.03,0,0,0,0.0,14482.75,-0.6318,0,1,0,0.0,0.0702,0.207,14,0,0.0,0.8,0,synthetic-v1,organic
txn_0000377,mch_0016,cust_00003,dev_cust_00003_8,1689.39,INR,netbanking,2026-02-20T17:20:20.675983+00:00,ecommerce,626,107.49,0,0,0,0.0,2150.28,-0.2142,0,5,0,0.0,0.0382,0.1743,17,0,0.0,0.8,0,synthetic-v1,organic
txn_0000378,mch_0010,cust_00077,dev_cust_00077_286,859.95,INR,card,2026-02-20T20:37:14.564728+00:00,food,870,25.99,0,0,0,0.0,5360.32,-0.8394,0,7,2,0.0,0.0733,0.0257,20,0,0.0,0.5286,1,synthetic-v1,prior_chargebacks
txn_0000379,mch_0017,cust_00111,dev_cust_00111_144,5594.35,INR,upi,2026-02-20T23:14:33.155480+00:00,travel,392,66.62,0,0,0,0.0,2124.91,1.632,0,4,0,0.0,0.0241,0.0236,23,0,0.0,0.675,0,synthetic-v1,organic
txn_0000380,mch_0021,cust_00008,dev_cust_00008_116,6654.5,INR,card,2026-02-21T03:43:42.844442+00:00,electronics,527,75.55,0,0,0,0.0,1778.18,2.7408,0,2,0,0.0,0.1551,0.1547,3,1,0.0,0.55,1,synthetic-v1,organic
txn_0000381,mch_0002,cust_00058,dev_cust_00058_381,500.72,INR,upi,2026-02-21T04:19:36.159813+00:00,food,616,0.0,1,0,0,0.0,500.72,0.0,0,0,0,62.4,0.1508,0.1428,4,1,0.0,0.65,0,synthetic-v1,organic
txn_0000382,mch_0022,cust_00089,dev_cust_00089_382,1137.68,INR,upi,2026-02-21T08:55:58.340934+00:00,fashion,1272,0.0,1,0,0,0.0,1137.68,0.0,0,0,0,0.0,0.1701,0.0985,8,1,0.0,0.65,0,synthetic-v1,organic
txn_0000383,mch_0015,cust_00044,dev_cust_00044_23,1923.9,INR,wallet,2026-02-21T09:22:53.858199+00:00,education,1440,104.41,0,0,0,0.0,2198.56,-0.1249,0,3,0,0.0,0.0229,0.1278,9,1,0.0,0.8,0,synthetic-v1,organic
txn_0000384,mch_0011,cust_00043,dev_cust_00043_294,3625.37,INR,wallet,2026-02-22T04:45:13.366407+00:00,utilities,380,24.66,0,0,0,0.0,3650.97,-0.007,0,3,0,0.0,0.7311,0.7554,4,1,0.0,0.6333,1,synthetic-v1,suspicious_ip_country
txn_0000385,mch_0012,cust_00002,dev_cust_00002_256,360.36,INR,wallet,2026-02-22T08:02:10.323244+00:00,digital_goods,1102,35.8,0,0,0,0.0,3916.34,-0.9078,0,2,0,0.0,0.0851,0.0626,8,1,0.0,0.8,0,synthetic-v1,organic
txn_0000386,mch_0010,cust_00037,dev_cust_00037_33,2720.4,INR,upi,2026-02-23T02:27:14.868954+00:00,food,576,104.29,0,0,0,0.0,3510.01,-0.2249,0,6,0,0.0,0.0571,0.2659,2,0,0.0,0.8,1,synthetic-v1,organic
txn_0000387,mch_0007,cust_00095,dev_cust_00095_72,3528.46,INR,upi,2026-02-23T08:51:29.450267+00:00,education,1172,91.04,0,0,0,0.0,6817.31,-0.4824,0,5,0,0.0,0.1796,0.3193,8,0,0.0,0.7,0,synthetic-v1,organic
txn_0000388,mch_0008,cust_00041,dev_cust_00041_90,1598.86,INR,upi,2026-02-23T20:44:41.852744+00:00,ecommerce,1201,86.85,0,0,0,0.0,4907.94,-0.6741,0,5,0,0.0,0.0379,0.2751,20,0,0.0,0.8,0,synthetic-v1,organic
txn_0000389,mch_0021,cust_00034,dev_cust_00034_9,8606.75,INR,wallet,2026-02-24T14:03:10.862688+00:00,electronics,1239,111.22,0,0,0,0.0,2678.46,2.2125,0,2,4,0.0,0.0714,0.1661,14,0,0.0,0.4,1,synthetic-v1,prior_chargebacks
txn_0000390,mch_0017,cust_00107,dev_cust_00107_143,22874.6,INR,upi,2026-02-24T14:48:46.565302+00:00,travel,511,70.46,0,0,0,0.0,1868.66,11.2352,0,1,0,0.0,0.1156,0.1059,14,0,0.0,0.8,0,synthetic-v1,organic
txn_0000391,mch_0018,cust_00041,dev_cust_00041_90,1116.38,INR,upi,2026-02-25T01:39:16.233757+00:00,food,1203,88.06,0,0,0,0.0,4356.43,-0.7436,0,6,0,0.0,0.0379,0.2751,1,0,0.0,0.8,0,synthetic-v1,organic
txn_0000392,mch_0004,cust_00090,dev_cust_00090_29,1628.36,INR,wallet,2026-02-25T11:54:41.011107+00:00,digital_goods,741,107.13,0,0,0,0.0,1544.21,0.0545,0,1,0,0.0,0.2088,0.1478,11,0,0.0,0.8,0,synthetic-v1,organic
txn_0000393,mch_0003,cust_00041,dev_cust_00041_90,1567.28,INR,upi,2026-02-26T17:45:33.032425+00:00,utilities,1204,89.73,0,0,0,0.0,3893.56,-0.5973,0,7,0,0.0,0.0379,0.2751,17,0,0.0,0.8,0,synthetic-v1,organic
txn_0000394,mch_0019,cust_00026,dev_cust_00026_27,2087.92,INR,upi,2026-02-27T17:10:08.809441+00:00,utilities,957,109.84,0,0,0,0.0,5162.54,-0.5954,0,3,0,0.0,0.2098,0.0473,17,0,0.0,0.8,0,synthetic-v1,organic
txn_0000395,mch_0007,cust_00035,dev_cust_00035_169,2025.91,INR,upi,2026-02-28T05:26:51.198245+00:00,education,1159,66.26,0,0,0,0.0,1395.34,0.4516,0,2,0,0.0,0.2071,0.0372,5,1,0.0,0.8,0,synthetic-v1,organic
txn_0000396,mch_0014,cust_00103,dev_cust_00103_396,1607.98,INR,upi,2026-02-28T06:08:54.935864+00:00,fashion,766,0.0,1,0,0,0.0,1607.98,0.0,0,0,0,0.0,0.1158,0.29,6,1,0.0,0.65,0,synthetic-v1,organic
txn_0000397,mch_0020,cust_00077,dev_cust_00077_286,1400.48,INR,upi,2026-02-28T07:13:06.600803+00:00,digital_goods,878,33.43,0,0,0,0.0,4797.78,-0.708,0,8,0,0.0,0.0733,0.0257,7,1,0.0,0.675,0,synthetic-v1,organic
txn_0000398,mch_0009,cust_00108,dev_cust_00108_243,4234.28,INR,card,2026-03-01T00:34:54.302877+00:00,travel,347,46.99,0,0,0,0.0,2683.46,0.5777,0,1,0,0.0,0.0583,0.1911,0,1,0.0,0.8,0,synthetic-v1,organic
txn_0000399,mch_0005,cust_00018,dev_cust_00018_264,6245.58,INR,upi,2026-03-01T14:29:41.242375+00:00,electronics,860,39.55,0,0,0,0.0,4302.77,0.4514,0,6,0,0.0,0.1723,0.1078,14,1,0.0,0.8,0,synthetic-v1,organic
